report,technique_id,technique_name,score,flagged,instances,sections,best_evidence
dfir-2025-02-24-confluence-exploit-leads-to-lockbit-ransomware,T1021,Remote Services,100,0,2,Confluence Exploit Leads to LockBit Ransomware > Case Summary,accessed the beachhead host via rdp
dfir-2025-02-24-confluence-exploit-leads-to-lockbit-ransomware,T1021.001,Remote Desktop Protocol,100,0,9,Confluence Exploit Leads to LockBit Ransomware > Case Summary | Confluence Exploit Leads to LockBit Ransomware > Credential Access | Confluence Exploit Leads to LockBit Ransomware > Defense Evasion | Confluence Exploit Leads to LockBit Ransomware > Impact,accessed the beachhead host via rdp
dfir-2025-02-24-confluence-exploit-leads-to-lockbit-ransomware,T1021.004,SSH,100,0,1,Confluence Exploit Leads to LockBit Ransomware > Detections > Sigma,Use of Rclone to exfiltrate data over an SSH
dfir-2025-02-24-confluence-exploit-leads-to-lockbit-ransomware,T1027.015,Compression,100,0,1,Confluence Exploit Leads to LockBit Ransomware > Execution,Gzip decompress
dfir-2025-02-24-confluence-exploit-leads-to-lockbit-ransomware,T1047,Windows Management Instrumentation,100,0,1,Confluence Exploit Leads to LockBit Ransomware > Detections > Sigma,WMI Module Loaded
dfir-2025-02-24-confluence-exploit-leads-to-lockbit-ransomware,T1055,,100,0,0,,
dfir-2025-02-24-confluence-exploit-leads-to-lockbit-ransomware,T1055.001,Dynamic-link Library Injection,100,0,1,Confluence Exploit Leads to LockBit Ransomware > Execution,VirtualAlloc()
dfir-2025-02-24-confluence-exploit-leads-to-lockbit-ransomware,T1057,Process Discovery,100,0,2,Confluence Exploit Leads to LockBit Ransomware > Case Summary | Confluence Exploit Leads to LockBit Ransomware > Discovery,query user
dfir-2025-02-24-confluence-exploit-leads-to-lockbit-ransomware,T1059.001,PowerShell,100,0,5,Confluence Exploit Leads to LockBit Ransomware > Detections > Network | Confluence Exploit Leads to LockBit Ransomware > Detections > Sigma | Confluence Exploit Leads to LockBit Ransomware > Persistence,powershell -c (New-Object Net.WebClient)
dfir-2025-02-24-confluence-exploit-leads-to-lockbit-ransomware,T1078.001,Default Accounts,100,1,3,Confluence Exploit Leads to LockBit Ransomware > Case Summary,created a new local account
dfir-2025-02-24-confluence-exploit-leads-to-lockbit-ransomware,T1190,Exploit Public-Facing Application,100,1,7,Confluence Exploit Leads to LockBit Ransomware | Confluence Exploit Leads to LockBit Ransomware > Case Summary | Confluence Exploit Leads to LockBit Ransomware > Command and Control | Confluence Exploit Leads to LockBit Ransomware > Detections > Network,Confluence Exploit
dfir-2025-02-24-confluence-exploit-leads-to-lockbit-ransomware,T1210,Exploitation of Remote Services,100,1,3,Confluence Exploit Leads to LockBit Ransomware > Case Summary | Confluence Exploit Leads to LockBit Ransomware > Diamond Model Indicators > Atomic | Confluence Exploit Leads to LockBit Ransomware > Initial Access,Confluence Exploit
dfir-2025-02-24-confluence-exploit-leads-to-lockbit-ransomware,T1218,,100,0,0,,
dfir-2025-02-24-confluence-exploit-leads-to-lockbit-ransomware,T1218.005,Mshta,100,0,3,Confluence Exploit Leads to LockBit Ransomware > Case Summary | Confluence Exploit Leads to LockBit Ransomware > Execution,mshta http
dfir-2025-02-24-confluence-exploit-leads-to-lockbit-ransomware,T1489,Service Stop,100,0,2,Confluence Exploit Leads to LockBit Ransomware > Case Summary | Confluence Exploit Leads to LockBit Ransomware > Impact,stopped key services
dfir-2025-02-24-confluence-exploit-leads-to-lockbit-ransomware,T1552,,100,0,0,,
dfir-2025-02-24-confluence-exploit-leads-to-lockbit-ransomware,T1552.001,Credentials In Files,100,0,1,Confluence Exploit Leads to LockBit Ransomware > MITRE ATT&CK,Credentials In Files
dfir-2025-02-24-confluence-exploit-leads-to-lockbit-ransomware,T1587,,100,0,0,,
dfir-2025-02-24-confluence-exploit-leads-to-lockbit-ransomware,T1587.004,Exploits,100,0,2,Confluence Exploit Leads to LockBit Ransomware > Analysts | Confluence Exploit Leads to LockBit Ransomware > Initial Access,Confluence Exploit
dfir-2025-02-24-confluence-exploit-leads-to-lockbit-ransomware,T1608,,100,0,0,,
dfir-2025-02-24-confluence-exploit-leads-to-lockbit-ransomware,T1608.001,Upload Malware,100,0,2,Confluence Exploit Leads to LockBit Ransomware > Case Summary,deployed a ransomware binary
dfir-2025-02-24-confluence-exploit-leads-to-lockbit-ransomware,T1059,,95,0,0,,
dfir-2025-02-24-confluence-exploit-leads-to-lockbit-ransomware,T1003.001,LSASS Memory,90,0,2,Confluence Exploit Leads to LockBit Ransomware > Credential Access | Confluence Exploit Leads to LockBit Ransomware > Diamond Model Indicators > Behavioral,Sysmon event code 10 showed that Mimikatz accessed the LSASS process
dfir-2025-02-24-confluence-exploit-leads-to-lockbit-ransomware,T1041,Exfiltration Over C2 Channel,90,0,1,Confluence Exploit Leads to LockBit Ransomware > Collection,Rclone to exfiltrate everything
dfir-2025-02-24-confluence-exploit-leads-to-lockbit-ransomware,T1059.003,Windows Command Shell,90,1,2,Confluence Exploit Leads to LockBit Ransomware > Diamond Model Indicators > Computed | Confluence Exploit Leads to LockBit Ransomware > Impact,We were able collect
dfir-2025-02-24-confluence-exploit-leads-to-lockbit-ransomware,T1078,Valid Accounts,90,0,1,Confluence Exploit Leads to LockBit Ransomware > Privilege Escalation,an easily crackable hash
dfir-2025-02-24-confluence-exploit-leads-to-lockbit-ransomware,T1098,,90,0,0,,
dfir-2025-02-24-confluence-exploit-leads-to-lockbit-ransomware,T1098.007,Additional Local or Domain Groups,90,0,1,Confluence Exploit Leads to LockBit Ransomware > Persistence,added to the local “Administrator” group
dfir-2025-02-24-confluence-exploit-leads-to-lockbit-ransomware,T1221,Template Injection,90,0,1,Confluence Exploit Leads to LockBit Ransomware > Initial Access,inject malicious Object-Graph Navigation Language (OGNL)
dfir-2025-02-24-confluence-exploit-leads-to-lockbit-ransomware,T1685,,90,0,0,,
dfir-2025-02-24-confluence-exploit-leads-to-lockbit-ransomware,T1685.005,Clear Windows Event Logs,90,0,1,Confluence Exploit Leads to LockBit Ransomware > Defense Evasion,clear-log Clear a log
dfir-2025-02-24-confluence-exploit-leads-to-lockbit-ransomware,T1003,OS Credential Dumping,80,1,2,Confluence Exploit Leads to LockBit Ransomware > Credential Access,Sysmon event code 10 showed that Mimikatz accessed the LSASS process
dfir-2025-02-24-confluence-exploit-leads-to-lockbit-ransomware,T1048,Exfiltration Over Alternative Protocol,80,0,1,Confluence Exploit Leads to LockBit Ransomware > Exfiltration,to mega (Mega.nz)
dfir-2025-02-24-confluence-exploit-leads-to-lockbit-ransomware,T1049,System Network Connections Discovery,80,1,2,Confluence Exploit Leads to LockBit Ransomware > Command and Control | Confluence Exploit Leads to LockBit Ransomware > Discovery,NetScan was then utilized
dfir-2025-02-24-confluence-exploit-leads-to-lockbit-ransomware,T1072,Software Deployment Tools,80,0,2,Confluence Exploit Leads to LockBit Ransomware > Impact,PDQ Deploy
dfir-2025-02-24-confluence-exploit-leads-to-lockbit-ransomware,T1090,,80,0,0,,
dfir-2025-02-24-confluence-exploit-leads-to-lockbit-ransomware,T1090.002,External Proxy,80,0,1,Confluence Exploit Leads to LockBit Ransomware > Privilege Escalation,proxy connection
dfir-2025-02-24-confluence-exploit-leads-to-lockbit-ransomware,T1105,Ingress Tool Transfer,80,0,2,Confluence Exploit Leads to LockBit Ransomware > Case Summary,download AnyDesk
dfir-2025-02-24-confluence-exploit-leads-to-lockbit-ransomware,T1136,,80,0,0,,
dfir-2025-02-24-confluence-exploit-leads-to-lockbit-ransomware,T1136.001,Local Account,80,0,1,Confluence Exploit Leads to LockBit Ransomware > Persistence,The user “backup” was created
dfir-2025-02-24-confluence-exploit-leads-to-lockbit-ransomware,T1140,Deobfuscate/Decode Files or Information,80,0,1,Confluence Exploit Leads to LockBit Ransomware > Execution,Base64 decode the resulting string.
dfir-2025-02-24-confluence-exploit-leads-to-lockbit-ransomware,T1203,Exploitation for Client Execution,80,0,1,Confluence Exploit Leads to LockBit Ransomware > Initial Access,exploit this vulnerability
dfir-2025-02-24-confluence-exploit-leads-to-lockbit-ransomware,T1219,Remote Access Tools,80,0,1,Confluence Exploit Leads to LockBit Ransomware > Case Summary,configured with a preset password
dfir-2025-02-24-confluence-exploit-leads-to-lockbit-ransomware,T1486,Data Encrypted for Impact,80,1,3,Confluence Exploit Leads to LockBit Ransomware > Case Summary | Confluence Exploit Leads to LockBit Ransomware > Detections > Yara | Confluence Exploit Leads to LockBit Ransomware > Impact,renamed with the .rhddiicoE
dfir-2025-02-24-confluence-exploit-leads-to-lockbit-ransomware,T1563,,80,0,0,,
dfir-2025-02-24-confluence-exploit-leads-to-lockbit-ransomware,T1563.002,RDP Hijacking,80,0,2,Confluence Exploit Leads to LockBit Ransomware > Case Summary | Confluence Exploit Leads to LockBit Ransomware > Lateral Movement,leveraged SoftPerfect’s NetScan
dfir-2025-02-24-confluence-exploit-leads-to-lockbit-ransomware,T1003.005,Cached Domain Credentials,60,0,1,Confluence Exploit Leads to LockBit Ransomware > Privilege Escalation,cleartext credentials
dfir-2025-02-24-confluence-exploit-leads-to-lockbit-ransomware,T1016,System Network Configuration Discovery,60,0,1,Confluence Exploit Leads to LockBit Ransomware > Diamond Model Indicators > Behavioral,network configuration
dfir-2025-02-24-confluence-exploit-leads-to-lockbit-ransomware,T1027,,60,0,0,,
dfir-2025-02-24-confluence-exploit-leads-to-lockbit-ransomware,T1080,Taint Shared Content,60,0,1,Confluence Exploit Leads to LockBit Ransomware > Key Takeaways,copying files over SMB shares
dfir-2025-02-24-confluence-exploit-leads-to-lockbit-ransomware,T1020,Automated Exfiltration,20,1,1,Confluence Exploit Leads to LockBit Ransomware > Exfiltration,exfiltration activity
dfir-2025-02-24-confluence-exploit-leads-to-lockbit-ransomware,T1027.010,Command Obfuscation,20,1,1,Confluence Exploit Leads to LockBit Ransomware > Detections > Sigma,Potential PowerShell Command
dfir-2025-02-24-confluence-exploit-leads-to-lockbit-ransomware,T1033,System Owner/User Discovery,20,1,1,Confluence Exploit Leads to LockBit Ransomware > Diamond Model Indicators > Behavioral,credentials In Files
dfir-2025-02-24-confluence-exploit-leads-to-lockbit-ransomware,T1070,,20,0,0,,
dfir-2025-02-24-confluence-exploit-leads-to-lockbit-ransomware,T1070.004,File Deletion,20,1,1,Confluence Exploit Leads to LockBit Ransomware > Impact,being deployed over SMB
dfir-2025-02-24-confluence-exploit-leads-to-lockbit-ransomware,T1110,,20,0,0,,
dfir-2025-02-24-confluence-exploit-leads-to-lockbit-ransomware,T1110.002,Password Cracking,20,1,1,Confluence Exploit Leads to LockBit Ransomware > Diamond Model Indicators > Computed,Veeam-Get-Creds-New
dfir-2025-02-24-confluence-exploit-leads-to-lockbit-ransomware,T1518,,20,0,0,,
dfir-2025-02-24-confluence-exploit-leads-to-lockbit-ransomware,T1518.002,Backup Software Discovery,20,1,2,Confluence Exploit Leads to LockBit Ransomware > Case Summary | Confluence Exploit Leads to LockBit Ransomware > Diamond Model Indicators > Computed,targeted a backup server
dfir-2025-02-24-confluence-exploit-leads-to-lockbit-ransomware,T1555,,20,0,0,,
dfir-2025-02-24-confluence-exploit-leads-to-lockbit-ransomware,T1555.004,Windows Credential Manager,20,1,1,Confluence Exploit Leads to LockBit Ransomware > Credential Access,"Mimikatz accessed the LSASS process, and we can also see subsequent GrantedAccess for Mimikatz"
dfir-2025-03-31-fake-zoom-ends-in-blacksuit-ransomware,T1021,Remote Services,100,0,1,Fake Zoom Ends in BlackSuit Ransomware > Lateral Movement,Using the proxy capability inside QDoor
dfir-2025-03-31-fake-zoom-ends-in-blacksuit-ransomware,T1021.001,Remote Desktop Protocol,100,1,4,Fake Zoom Ends in BlackSuit Ransomware > Case Summary | Fake Zoom Ends in BlackSuit Ransomware > Collection | Fake Zoom Ends in BlackSuit Ransomware > Key Takeaways,On the file server via a RDP session
dfir-2025-03-31-fake-zoom-ends-in-blacksuit-ransomware,T1027.015,Compression,100,1,5,Fake Zoom Ends in BlackSuit Ransomware > Case Summary | Fake Zoom Ends in BlackSuit Ransomware > Execution | Fake Zoom Ends in BlackSuit Ransomware > Impact | Fake Zoom Ends in BlackSuit Ransomware > Timeline Indicators > Atomic,fetch two ZIP
dfir-2025-03-31-fake-zoom-ends-in-blacksuit-ransomware,T1037,,100,0,0,,
dfir-2025-03-31-fake-zoom-ends-in-blacksuit-ransomware,T1037.005,Startup Items,100,0,1,Fake Zoom Ends in BlackSuit Ransomware > Persistence,startup entry
dfir-2025-03-31-fake-zoom-ends-in-blacksuit-ransomware,T1047,Windows Management Instrumentation,100,0,2,Fake Zoom Ends in BlackSuit Ransomware > Discovery | Fake Zoom Ends in BlackSuit Ransomware > MITRE ATT&CK,Windows Management Instrumentation
dfir-2025-03-31-fake-zoom-ends-in-blacksuit-ransomware,T1055,,100,0,0,,
dfir-2025-03-31-fake-zoom-ends-in-blacksuit-ransomware,T1055.001,Dynamic-link Library Injection,100,0,2,Fake Zoom Ends in BlackSuit Ransomware > Defense Evasion | Fake Zoom Ends in BlackSuit Ransomware > Execution,DLL was also
dfir-2025-03-31-fake-zoom-ends-in-blacksuit-ransomware,T1090,Proxy,100,0,1,Fake Zoom Ends in BlackSuit Ransomware > Case Summary,proxy tool
dfir-2025-03-31-fake-zoom-ends-in-blacksuit-ransomware,T1090.002,External Proxy,100,0,1,Fake Zoom Ends in BlackSuit Ransomware > Command and Control,proxy used by the threat actor
dfir-2025-03-31-fake-zoom-ends-in-blacksuit-ransomware,T1104,Multi-Stage Channels,100,0,1,Fake Zoom Ends in BlackSuit Ransomware > Command and Control,four separate command and control channels
dfir-2025-03-31-fake-zoom-ends-in-blacksuit-ransomware,T1127,,100,0,0,,
dfir-2025-03-31-fake-zoom-ends-in-blacksuit-ransomware,T1127.001,MSBuild,100,0,3,Fake Zoom Ends in BlackSuit Ransomware > Case Summary | Fake Zoom Ends in BlackSuit Ransomware > Defense Evasion | Fake Zoom Ends in BlackSuit Ransomware > Execution,MSBuild.exe
dfir-2025-03-31-fake-zoom-ends-in-blacksuit-ransomware,T1218.010,Regsvr32,100,0,1,Fake Zoom Ends in BlackSuit Ransomware > Execution,regsvr32.exe
dfir-2025-03-31-fake-zoom-ends-in-blacksuit-ransomware,T1486,Data Encrypted for Impact,100,0,2,Fake Zoom Ends in BlackSuit Ransomware > Case Summary | Fake Zoom Ends in BlackSuit Ransomware > Impact,encrypted the local files
dfir-2025-03-31-fake-zoom-ends-in-blacksuit-ransomware,T1526,Cloud Service Discovery,100,0,1,Fake Zoom Ends in BlackSuit Ransomware > Timeline Indicators > Atomic,provincial-gaiters-gw.aws-use1.cloud-ara.tyk.io:443
dfir-2025-03-31-fake-zoom-ends-in-blacksuit-ransomware,T1537,Transfer Data to Cloud Account,100,0,1,Fake Zoom Ends in BlackSuit Ransomware > Exfiltration,upload the rar archives
dfir-2025-03-31-fake-zoom-ends-in-blacksuit-ransomware,T1546.010,AppInit DLLs,100,0,1,Fake Zoom Ends in BlackSuit Ransomware > Timeline Indicators > Computed,svhost.exe
dfir-2025-03-31-fake-zoom-ends-in-blacksuit-ransomware,T1560,,100,0,0,,
dfir-2025-03-31-fake-zoom-ends-in-blacksuit-ransomware,T1560.001,Archive via Utility,100,0,6,Fake Zoom Ends in BlackSuit Ransomware > Case Summary | Fake Zoom Ends in BlackSuit Ransomware > Collection | Fake Zoom Ends in BlackSuit Ransomware > Execution | Fake Zoom Ends in BlackSuit Ransomware > Impact,Inno Download Plugin
dfir-2025-03-31-fake-zoom-ends-in-blacksuit-ransomware,T1564,,100,0,0,,
dfir-2025-03-31-fake-zoom-ends-in-blacksuit-ransomware,T1564.001,Hidden Files and Directories,100,0,1,Fake Zoom Ends in BlackSuit Ransomware > Defense Evasion,change the attributes
dfir-2025-03-31-fake-zoom-ends-in-blacksuit-ransomware,T1569,,100,0,0,,
dfir-2025-03-31-fake-zoom-ends-in-blacksuit-ransomware,T1569.002,Service Execution,100,0,1,Fake Zoom Ends in BlackSuit Ransomware > Detections > Sigma,services.exe
dfir-2025-03-31-fake-zoom-ends-in-blacksuit-ransomware,T1572,Protocol Tunneling,100,0,1,Fake Zoom Ends in BlackSuit Ransomware > Command and Control,tunneled RDP sessions
dfir-2025-03-31-fake-zoom-ends-in-blacksuit-ransomware,T1574,,100,0,0,,
dfir-2025-03-31-fake-zoom-ends-in-blacksuit-ransomware,T1574.001,DLL,100,0,2,Fake Zoom Ends in BlackSuit Ransomware > Timeline Indicators > Computed,UIxMarketPlugin.dll
dfir-2025-03-31-fake-zoom-ends-in-blacksuit-ransomware,T1587,,95,0,0,,
dfir-2025-03-31-fake-zoom-ends-in-blacksuit-ransomware,T1587.001,Malware,95,0,1,Fake Zoom Ends in BlackSuit Ransomware > Key Takeaways,d3f@ckloader
dfir-2025-03-31-fake-zoom-ends-in-blacksuit-ransomware,T1018,Remote System Discovery,90,0,1,Fake Zoom Ends in BlackSuit Ransomware > Discovery,ping <workstation1>
dfir-2025-03-31-fake-zoom-ends-in-blacksuit-ransomware,T1049,System Network Connections Discovery,90,0,1,Fake Zoom Ends in BlackSuit Ransomware > Discovery,net view \<IP1>/
dfir-2025-03-31-fake-zoom-ends-in-blacksuit-ransomware,T1059,,90,0,0,,
dfir-2025-03-31-fake-zoom-ends-in-blacksuit-ransomware,T1059.003,Windows Command Shell,90,0,1,Fake Zoom Ends in BlackSuit Ransomware > Execution,batch script 21.cmd
dfir-2025-03-31-fake-zoom-ends-in-blacksuit-ransomware,T1210,Exploitation of Remote Services,90,0,2,Fake Zoom Ends in BlackSuit Ransomware > Detections > Network | Fake Zoom Ends in BlackSuit Ransomware > Key Takeaways,remote services
dfir-2025-03-31-fake-zoom-ends-in-blacksuit-ransomware,T1546,,90,0,0,,
dfir-2025-03-31-fake-zoom-ends-in-blacksuit-ransomware,T1567,,90,0,0,,
dfir-2025-03-31-fake-zoom-ends-in-blacksuit-ransomware,T1567.002,Exfiltration to Cloud Storage,90,0,1,Fake Zoom Ends in BlackSuit Ransomware > Exfiltration,cloud storage service
dfir-2025-03-31-fake-zoom-ends-in-blacksuit-ransomware,T1608.001,Upload Malware,85,0,1,Fake Zoom Ends in BlackSuit Ransomware > Key Takeaways,upload them
dfir-2025-03-31-fake-zoom-ends-in-blacksuit-ransomware,T1608,,82,0,0,,
dfir-2025-03-31-fake-zoom-ends-in-blacksuit-ransomware,T1003,OS Credential Dumping,80,0,1,Fake Zoom Ends in BlackSuit Ransomware > Credential Access,attempt to perform credential dumping
dfir-2025-03-31-fake-zoom-ends-in-blacksuit-ransomware,T1027.008,Stripped Payloads,80,0,2,Fake Zoom Ends in BlackSuit Ransomware > Detections > Yara,CobaltStrike_Resources_Command_Ps1_v2_5_to_v3_7_and_Resources_Compress_Ps1_v3_8_to_V4_x
dfir-2025-03-31-fake-zoom-ends-in-blacksuit-ransomware,T1027.010,Command Obfuscation,80,0,1,Fake Zoom Ends in BlackSuit Ransomware > Detections > Yara,CobaltStrike_Sleep_Decoder_Indicator
dfir-2025-03-31-fake-zoom-ends-in-blacksuit-ransomware,T1036,,80,0,0,,
dfir-2025-03-31-fake-zoom-ends-in-blacksuit-ransomware,T1036.012,Browser Fingerprint,80,0,1,Fake Zoom Ends in BlackSuit Ransomware > Command and Control,Mozilla/5.0 (Windows NT 10.0; Win64; x64)
dfir-2025-03-31-fake-zoom-ends-in-blacksuit-ransomware,T1098,,80,0,0,,
dfir-2025-03-31-fake-zoom-ends-in-blacksuit-ransomware,T1098.007,Additional Local or Domain Groups,80,0,1,Fake Zoom Ends in BlackSuit Ransomware > Discovery,"net group ""domain admins"""
dfir-2025-03-31-fake-zoom-ends-in-blacksuit-ransomware,T1105,Ingress Tool Transfer,80,0,1,Fake Zoom Ends in BlackSuit Ransomware > Case Summary,using PsExec
dfir-2025-03-31-fake-zoom-ends-in-blacksuit-ransomware,T1482,Domain Trust Discovery,80,0,1,Fake Zoom Ends in BlackSuit Ransomware > Discovery,nltest /domain_trusts
dfir-2025-03-31-fake-zoom-ends-in-blacksuit-ransomware,T1546.016,Installer Packages,80,0,1,Fake Zoom Ends in BlackSuit Ransomware > Execution,trojanized installer
dfir-2025-03-31-fake-zoom-ends-in-blacksuit-ransomware,T1608.005,Link Target,80,0,1,Fake Zoom Ends in BlackSuit Ransomware > Initial Access,"loadlink(), which triggers"
dfir-2025-03-31-fake-zoom-ends-in-blacksuit-ransomware,T1027,,70,0,0,,
dfir-2025-03-31-fake-zoom-ends-in-blacksuit-ransomware,T1176,,60,0,0,,
dfir-2025-03-31-fake-zoom-ends-in-blacksuit-ransomware,T1176.001,Browser Extensions,60,0,1,Fake Zoom Ends in BlackSuit Ransomware > Collection,Here we used Dissect’s Edge browser plugin
dfir-2025-03-31-fake-zoom-ends-in-blacksuit-ransomware,T1547,,60,0,0,,
dfir-2025-03-31-fake-zoom-ends-in-blacksuit-ransomware,T1547.008,LSASS Driver,60,0,1,Fake Zoom Ends in BlackSuit Ransomware > Credential Access,dllhost.exe process initiated
dfir-2025-03-31-fake-zoom-ends-in-blacksuit-ransomware,T1027.007,Dynamic API Resolution,20,1,1,Fake Zoom Ends in BlackSuit Ransomware > Command and Control,Base64 URL-safe decode
dfir-2025-03-31-fake-zoom-ends-in-blacksuit-ransomware,T1113,Screen Capture,20,1,1,Fake Zoom Ends in BlackSuit Ransomware > Analysts,Fake Zoom
dfir-2025-03-31-fake-zoom-ends-in-blacksuit-ransomware,T1218,System Binary Proxy Execution,20,1,1,Fake Zoom Ends in BlackSuit Ransomware > Detections > Yara,Windows_Trojan_BruteRatel_5b12cbab
dfir-2025-03-31-fake-zoom-ends-in-blacksuit-ransomware,T1485,Data Destruction,20,1,1,Fake Zoom Ends in BlackSuit Ransomware,ends in BlackSuit ransomware
dfir-2025-03-31-fake-zoom-ends-in-blacksuit-ransomware,T1496,Resource Hijacking,20,1,1,Fake Zoom Ends in BlackSuit Ransomware > Command and Control,legitimate infrastructure
dfir-2025-03-31-fake-zoom-ends-in-blacksuit-ransomware,T1553,,20,0,0,,
dfir-2025-03-31-fake-zoom-ends-in-blacksuit-ransomware,T1553.004,Install Root Certificate,20,1,1,Fake Zoom Ends in BlackSuit Ransomware > Detections > Network,Observed ZeroSSL
dfir-2025-03-31-fake-zoom-ends-in-blacksuit-ransomware,T1557,,20,0,0,,
dfir-2025-03-31-fake-zoom-ends-in-blacksuit-ransomware,T1557.001,Name Resolution Poisoning and SMB Relay,20,1,1,Fake Zoom Ends in BlackSuit Ransomware > Timeline Indicators > Computed,relay.dll
dfir-2025-03-31-fake-zoom-ends-in-blacksuit-ransomware,T1563,,20,0,0,,
dfir-2025-03-31-fake-zoom-ends-in-blacksuit-ransomware,T1563.002,RDP Hijacking,20,1,1,Fake Zoom Ends in BlackSuit Ransomware > Lateral Movement,leaked their back end hostname
dfir-2025-03-31-fake-zoom-ends-in-blacksuit-ransomware,T1566,,20,0,0,,
dfir-2025-03-31-fake-zoom-ends-in-blacksuit-ransomware,T1566.002,Spearphishing Link,20,1,1,Fake Zoom Ends in BlackSuit Ransomware > Initial Access,cloned webpage
dfir-2025-03-31-fake-zoom-ends-in-blacksuit-ransomware,T1584,Compromise Infrastructure,20,1,1,Fake Zoom Ends in BlackSuit Ransomware > Command and Control,legitimate infrastructure for their malicious campaigns
dfir-2025-03-31-fake-zoom-ends-in-blacksuit-ransomware,T1674,Input Injection,20,1,1,Fake Zoom Ends in BlackSuit Ransomware > Timeline Indicators > Computed,artillery.mdb
dfir-2025-05-19-another-confluence-bites-the-dust-falling-to-elpaco-team-ransomware,T1021.001,Remote Desktop Protocol,100,1,8,Another Confluence Bites the Dust: Falling to ELPACO-team Ransomware > Case Summary | Another Confluence Bites the Dust: Falling to ELPACO-team Ransomware > Defense Evasion | Another Confluence Bites the Dust: Falling to ELPACO-team Ransomware > Diamond Model Indicators > File | Another Confluence Bites the Dust: Falling to ELPACO-team Ransomware > Discovery,Remote Desktop Protocol (RDP)
dfir-2025-05-19-another-confluence-bites-the-dust-falling-to-elpaco-team-ransomware,T1036.003,Rename Legitimate Utilities,100,0,2,Another Confluence Bites the Dust: Falling to ELPACO-team Ransomware > Impact,renamed copy
dfir-2025-05-19-another-confluence-bites-the-dust-falling-to-elpaco-team-ransomware,T1047,Windows Management Instrumentation,100,0,1,Another Confluence Bites the Dust: Falling to ELPACO-team Ransomware > Lateral Movement,wmiexec.exe
dfir-2025-05-19-another-confluence-bites-the-dust-falling-to-elpaco-team-ransomware,T1055.001,Dynamic-link Library Injection,100,1,5,Another Confluence Bites the Dust: Falling to ELPACO-team Ransomware > Execution | Another Confluence Bites the Dust: Falling to ELPACO-team Ransomware > Initial Access | Another Confluence Bites the Dust: Falling to ELPACO-team Ransomware > Privilege Escalation,DLL file was dropped to disk
dfir-2025-05-19-another-confluence-bites-the-dust-falling-to-elpaco-team-ransomware,T1057,Process Discovery,100,0,3,Another Confluence Bites the Dust: Falling to ELPACO-team Ransomware > Discovery | Another Confluence Bites the Dust: Falling to ELPACO-team Ransomware > Execution | Another Confluence Bites the Dust: Falling to ELPACO-team Ransomware > Impact,PROCESS_ALL_ACCESS
dfir-2025-05-19-another-confluence-bites-the-dust-falling-to-elpaco-team-ransomware,T1059,,100,0,0,,
dfir-2025-05-19-another-confluence-bites-the-dust-falling-to-elpaco-team-ransomware,T1059.001,PowerShell,100,0,3,Another Confluence Bites the Dust: Falling to ELPACO-team Ransomware > Impact | Another Confluence Bites the Dust: Falling to ELPACO-team Ransomware > Persistence,powershell.exe with the -ExecutionPolicy Bypass flag
dfir-2025-05-19-another-confluence-bites-the-dust-falling-to-elpaco-team-ransomware,T1059.003,Windows Command Shell,100,0,3,Another Confluence Bites the Dust: Falling to ELPACO-team Ransomware > Credential Access | Another Confluence Bites the Dust: Falling to ELPACO-team Ransomware > Diamond Model Indicators > File,processhacker-2.exe
dfir-2025-05-19-another-confluence-bites-the-dust-falling-to-elpaco-team-ransomware,T1059.006,Python,100,0,1,Another Confluence Bites the Dust: Falling to ELPACO-team Ransomware > Credential Access,Python script
dfir-2025-05-19-another-confluence-bites-the-dust-falling-to-elpaco-team-ransomware,T1068,Exploitation for Privilege Escalation,100,0,3,Another Confluence Bites the Dust: Falling to ELPACO-team Ransomware > Case Summary | Another Confluence Bites the Dust: Falling to ELPACO-team Ransomware > Privilege Escalation,exploit the Zerologon vulnerability
dfir-2025-05-19-another-confluence-bites-the-dust-falling-to-elpaco-team-ransomware,T1087,Account Discovery,100,0,2,Another Confluence Bites the Dust: Falling to ELPACO-team Ransomware > Discovery,whoami
dfir-2025-05-19-another-confluence-bites-the-dust-falling-to-elpaco-team-ransomware,T1098,,100,0,0,,
dfir-2025-05-19-another-confluence-bites-the-dust-falling-to-elpaco-team-ransomware,T1098.007,Additional Local or Domain Groups,100,0,2,Another Confluence Bites the Dust: Falling to ELPACO-team Ransomware > Lateral Movement | Another Confluence Bites the Dust: Falling to ELPACO-team Ransomware > Persistence,add the user to the admin
dfir-2025-05-19-another-confluence-bites-the-dust-falling-to-elpaco-team-ransomware,T1105,Ingress Tool Transfer,100,0,7,Another Confluence Bites the Dust: Falling to ELPACO-team Ransomware > Case Summary | Another Confluence Bites the Dust: Falling to ELPACO-team Ransomware > Detections > Network | Another Confluence Bites the Dust: Falling to ELPACO-team Ransomware > Detections > Sigma | Another Confluence Bites the Dust: Falling to ELPACO-team Ransomware > Detections > Yara,file transfer has been initiated
dfir-2025-05-19-another-confluence-bites-the-dust-falling-to-elpaco-team-ransomware,T1112,Modify Registry,100,0,1,Another Confluence Bites the Dust: Falling to ELPACO-team Ransomware > MITRE ATT&CK,Modify Registry
dfir-2025-05-19-another-confluence-bites-the-dust-falling-to-elpaco-team-ransomware,T1136.001,Local Account,100,1,3,Another Confluence Bites the Dust: Falling to ELPACO-team Ransomware > Case Summary | Another Confluence Bites the Dust: Falling to ELPACO-team Ransomware > Persistence,create a new user
dfir-2025-05-19-another-confluence-bites-the-dust-falling-to-elpaco-team-ransomware,T1190,Exploit Public-Facing Application,100,1,9,Another Confluence Bites the Dust: Falling to ELPACO-team Ransomware > Case Summary | Another Confluence Bites the Dust: Falling to ELPACO-team Ransomware > Command and Control | Another Confluence Bites the Dust: Falling to ELPACO-team Ransomware > Detections > Network | Another Confluence Bites the Dust: Falling to ELPACO-team Ransomware > Diamond Model Indicators > File,a template injection vulnerability
dfir-2025-05-19-another-confluence-bites-the-dust-falling-to-elpaco-team-ransomware,T1202,Indirect Command Execution,100,0,1,Another Confluence Bites the Dust: Falling to ELPACO-team Ransomware > Diamond Model Indicators > File,runassystem.exe
dfir-2025-05-19-another-confluence-bites-the-dust-falling-to-elpaco-team-ransomware,T1213,,100,0,0,,
dfir-2025-05-19-another-confluence-bites-the-dust-falling-to-elpaco-team-ransomware,T1213.001,Confluence,100,0,1,Another Confluence Bites the Dust: Falling to ELPACO-team Ransomware > Execution,Confluence was exploited
dfir-2025-05-19-another-confluence-bites-the-dust-falling-to-elpaco-team-ransomware,T1486,Data Encrypted for Impact,100,1,4,Another Confluence Bites the Dust: Falling to ELPACO-team Ransomware | Another Confluence Bites the Dust: Falling to ELPACO-team Ransomware > Exfiltration | Another Confluence Bites the Dust: Falling to ELPACO-team Ransomware > Impact,file encryption
dfir-2025-05-19-another-confluence-bites-the-dust-falling-to-elpaco-team-ransomware,T1547.001,Registry Run Keys / Startup Folder,100,0,1,Another Confluence Bites the Dust: Falling to ELPACO-team Ransomware > Impact,Registry run key
dfir-2025-05-19-another-confluence-bites-the-dust-falling-to-elpaco-team-ransomware,T1547.012,Print Processors,100,0,1,Another Confluence Bites the Dust: Falling to ELPACO-team Ransomware > Diamond Model Indicators > File,spider.dll
dfir-2025-05-19-another-confluence-bites-the-dust-falling-to-elpaco-team-ransomware,T1550,,100,0,0,,
dfir-2025-05-19-another-confluence-bites-the-dust-falling-to-elpaco-team-ransomware,T1550.002,Pass the Hash,100,0,1,Another Confluence Bites the Dust: Falling to ELPACO-team Ransomware > Lateral Movement,Pass-the-Hash
dfir-2025-05-19-another-confluence-bites-the-dust-falling-to-elpaco-team-ransomware,T1554,Compromise Host Software Binary,100,0,1,Another Confluence Bites the Dust: Falling to ELPACO-team Ransomware > Detections > Yara,Mimikatz_Memory_Rule_1
dfir-2025-05-19-another-confluence-bites-the-dust-falling-to-elpaco-team-ransomware,T1570,Lateral Tool Transfer,100,0,1,Another Confluence Bites the Dust: Falling to ELPACO-team Ransomware > Lateral Movement,file transfer has been initiated
dfir-2025-05-19-another-confluence-bites-the-dust-falling-to-elpaco-team-ransomware,T1574,,100,0,0,,
dfir-2025-05-19-another-confluence-bites-the-dust-falling-to-elpaco-team-ransomware,T1574.001,DLL,100,1,4,Another Confluence Bites the Dust: Falling to ELPACO-team Ransomware > Diamond Model Indicators > File | Another Confluence Bites the Dust: Falling to ELPACO-team Ransomware > Execution | Another Confluence Bites the Dust: Falling to ELPACO-team Ransomware > Persistence,spider.dll
dfir-2025-05-19-another-confluence-bites-the-dust-falling-to-elpaco-team-ransomware,T1595,,100,0,0,,
dfir-2025-05-19-another-confluence-bites-the-dust-falling-to-elpaco-team-ransomware,T1595.001,Scanning IP Blocks,100,0,1,Another Confluence Bites the Dust: Falling to ELPACO-team Ransomware > Discovery,initiated a scan
dfir-2025-05-19-another-confluence-bites-the-dust-falling-to-elpaco-team-ransomware,T1673,Virtual Machine Discovery,100,0,1,Another Confluence Bites the Dust: Falling to ELPACO-team Ransomware > Impact,Get-VM
dfir-2025-05-19-another-confluence-bites-the-dust-falling-to-elpaco-team-ransomware,T1003.001,LSASS Memory,95,1,8,Another Confluence Bites the Dust: Falling to ELPACO-team Ransomware > Case Summary | Another Confluence Bites the Dust: Falling to ELPACO-team Ransomware > Credential Access | Another Confluence Bites the Dust: Falling to ELPACO-team Ransomware > Impact | Another Confluence Bites the Dust: Falling to ELPACO-team Ransomware > Privilege Escalation,LSASS dumping
dfir-2025-05-19-another-confluence-bites-the-dust-falling-to-elpaco-team-ransomware,T1136,Create Account,95,0,1,Another Confluence Bites the Dust: Falling to ELPACO-team Ransomware > Persistence,user creation
dfir-2025-05-19-another-confluence-bites-the-dust-falling-to-elpaco-team-ransomware,T1587,,95,0,0,,
dfir-2025-05-19-another-confluence-bites-the-dust-falling-to-elpaco-team-ransomware,T1587.003,Digital Certificates,95,0,1,Another Confluence Bites the Dust: Falling to ELPACO-team Ransomware > Command and Control,self-signed certificate
dfir-2025-05-19-another-confluence-bites-the-dust-falling-to-elpaco-team-ransomware,T1003.006,DCSync,90,0,2,Another Confluence Bites the Dust: Falling to ELPACO-team Ransomware > Case Summary | Another Confluence Bites the Dust: Falling to ELPACO-team Ransomware > Credential Access,NTLM hashes
dfir-2025-05-19-another-confluence-bites-the-dust-falling-to-elpaco-team-ransomware,T1011,Exfiltration Over Other Network Medium,90,0,1,Another Confluence Bites the Dust: Falling to ELPACO-team Ransomware > Command and Control,exfiltrate data
dfir-2025-05-19-another-confluence-bites-the-dust-falling-to-elpaco-team-ransomware,T1055,,90,0,0,,
dfir-2025-05-19-another-confluence-bites-the-dust-falling-to-elpaco-team-ransomware,T1078,Valid Accounts,90,0,1,Another Confluence Bites the Dust: Falling to ELPACO-team Ransomware > Credential Access,logged-on domain user account
dfir-2025-05-19-another-confluence-bites-the-dust-falling-to-elpaco-team-ransomware,T1134,,90,0,0,,
dfir-2025-05-19-another-confluence-bites-the-dust-falling-to-elpaco-team-ransomware,T1134.001,Token Impersonation/Theft,90,0,2,Another Confluence Bites the Dust: Falling to ELPACO-team Ransomware > Case Summary | Another Confluence Bites the Dust: Falling to ELPACO-team Ransomware > Privilege Escalation,Token Duplication
dfir-2025-05-19-another-confluence-bites-the-dust-falling-to-elpaco-team-ransomware,T1187,Forced Authentication,90,0,1,Another Confluence Bites the Dust: Falling to ELPACO-team Ransomware > Credential Access,secretsdump.exe on the compromised
dfir-2025-05-19-another-confluence-bites-the-dust-falling-to-elpaco-team-ransomware,T1219,,90,0,0,,
dfir-2025-05-19-another-confluence-bites-the-dust-falling-to-elpaco-team-ransomware,T1219.002,Remote Desktop Software,90,0,2,Another Confluence Bites the Dust: Falling to ELPACO-team Ransomware > Command and Control,AnyDesk
dfir-2025-05-19-another-confluence-bites-the-dust-falling-to-elpaco-team-ransomware,T1548,Abuse Elevation Control Mechanism,90,0,1,Another Confluence Bites the Dust: Falling to ELPACO-team Ransomware > Privilege Escalation,Named Pipe
dfir-2025-05-19-another-confluence-bites-the-dust-falling-to-elpaco-team-ransomware,T1003,OS Credential Dumping,80,0,1,Another Confluence Bites the Dust: Falling to ELPACO-team Ransomware > Credential Access,view the Mimikatz output file
dfir-2025-05-19-another-confluence-bites-the-dust-falling-to-elpaco-team-ransomware,T1003.003,NTDS,80,0,1,Another Confluence Bites the Dust: Falling to ELPACO-team Ransomware > Credential Access,NTDS.dit via vssadmin
dfir-2025-05-19-another-confluence-bites-the-dust-falling-to-elpaco-team-ransomware,T1003.004,LSA Secrets,80,0,1,Another Confluence Bites the Dust: Falling to ELPACO-team Ransomware > Credential Access,LSA Secrets
dfir-2025-05-19-another-confluence-bites-the-dust-falling-to-elpaco-team-ransomware,T1027.007,Dynamic API Resolution,80,0,1,Another Confluence Bites the Dust: Falling to ELPACO-team Ransomware > Initial Access,dynamically at runtime
dfir-2025-05-19-another-confluence-bites-the-dust-falling-to-elpaco-team-ransomware,T1041,Exfiltration Over C2 Channel,80,0,1,Another Confluence Bites the Dust: Falling to ELPACO-team Ransomware > Case Summary,establish a C2 channel to
dfir-2025-05-19-another-confluence-bites-the-dust-falling-to-elpaco-team-ransomware,T1049,System Network Connections Discovery,80,0,1,Another Confluence Bites the Dust: Falling to ELPACO-team Ransomware > Discovery,list members
dfir-2025-05-19-another-confluence-bites-the-dust-falling-to-elpaco-team-ransomware,T1055.002,Portable Executable Injection,80,0,1,Another Confluence Bites the Dust: Falling to ELPACO-team Ransomware > Initial Access,only imported two
dfir-2025-05-19-another-confluence-bites-the-dust-falling-to-elpaco-team-ransomware,T1095,Non-Application Layer Protocol,80,0,1,Another Confluence Bites the Dust: Falling to ELPACO-team Ransomware > Command and Control,raw TCP sockets
dfir-2025-05-19-another-confluence-bites-the-dust-falling-to-elpaco-team-ransomware,T1133,External Remote Services,80,0,1,Another Confluence Bites the Dust: Falling to ELPACO-team Ransomware > Detections > Network,Common Construct Bind_API
dfir-2025-05-19-another-confluence-bites-the-dust-falling-to-elpaco-team-ransomware,T1210,Exploitation of Remote Services,80,1,5,Another Confluence Bites the Dust: Falling to ELPACO-team Ransomware > Case Summary | Another Confluence Bites the Dust: Falling to ELPACO-team Ransomware > Detections > Network | Another Confluence Bites the Dust: Falling to ELPACO-team Ransomware > Discovery | Another Confluence Bites the Dust: Falling to ELPACO-team Ransomware > Initial Access,exploit Zerologon
dfir-2025-05-19-another-confluence-bites-the-dust-falling-to-elpaco-team-ransomware,T1543,,80,0,0,,
dfir-2025-05-19-another-confluence-bites-the-dust-falling-to-elpaco-team-ransomware,T1543.003,Windows Service,80,0,1,Another Confluence Bites the Dust: Falling to ELPACO-team Ransomware > Persistence,install AnyDesk on the system as a service
dfir-2025-05-19-another-confluence-bites-the-dust-falling-to-elpaco-team-ransomware,T1654,Log Enumeration,80,0,1,Another Confluence Bites the Dust: Falling to ELPACO-team Ransomware > Discovery,findstr /C:”MS-RPRN” /C:”MS-PAR”
dfir-2025-05-19-another-confluence-bites-the-dust-falling-to-elpaco-team-ransomware,T1685,Disable or Modify Tools,80,0,1,Another Confluence Bites the Dust: Falling to ELPACO-team Ransomware > Defense Evasion,Defender Control
dfir-2025-05-19-another-confluence-bites-the-dust-falling-to-elpaco-team-ransomware,T1686,Disable or Modify System Firewall,80,0,1,Another Confluence Bites the Dust: Falling to ELPACO-team Ransomware > Defense Evasion,netsh advfirewall
dfir-2025-05-19-another-confluence-bites-the-dust-falling-to-elpaco-team-ransomware,T1027,,70,0,0,,
dfir-2025-05-19-another-confluence-bites-the-dust-falling-to-elpaco-team-ransomware,T1021,,60,0,0,,
dfir-2025-05-19-another-confluence-bites-the-dust-falling-to-elpaco-team-ransomware,T1027.004,Compile After Delivery,60,1,2,Another Confluence Bites the Dust: Falling to ELPACO-team Ransomware > Initial Access,contained only the main
dfir-2025-05-19-another-confluence-bites-the-dust-falling-to-elpaco-team-ransomware,T1033,System Owner/User Discovery,60,0,1,Another Confluence Bites the Dust: Falling to ELPACO-team Ransomware > Discovery,whoami command
dfir-2025-05-19-another-confluence-bites-the-dust-falling-to-elpaco-team-ransomware,T1036,,60,0,0,,
dfir-2025-05-19-another-confluence-bites-the-dust-falling-to-elpaco-team-ransomware,T1070,,60,0,0,,
dfir-2025-05-19-another-confluence-bites-the-dust-falling-to-elpaco-team-ransomware,T1070.004,File Deletion,60,1,2,Another Confluence Bites the Dust: Falling to ELPACO-team Ransomware > Impact | Another Confluence Bites the Dust: Falling to ELPACO-team Ransomware > Key Takeaways,event logs were deleted
dfir-2025-05-19-another-confluence-bites-the-dust-falling-to-elpaco-team-ransomware,T1547,,60,0,0,,
dfir-2025-05-19-another-confluence-bites-the-dust-falling-to-elpaco-team-ransomware,T1021.002,SMB/Windows Admin Shares,20,1,1,Another Confluence Bites the Dust: Falling to ELPACO-team Ransomware > Discovery,SMB access (read/write)
dfir-2025-05-19-another-confluence-bites-the-dust-falling-to-elpaco-team-ransomware,T1036.007,Double File Extension,20,1,1,Another Confluence Bites the Dust: Falling to ELPACO-team Ransomware > Credential Access,sessionresume_
dfir-2025-05-19-another-confluence-bites-the-dust-falling-to-elpaco-team-ransomware,T1040,Network Sniffing,20,1,1,Another Confluence Bites the Dust: Falling to ELPACO-team Ransomware > Discovery,netscan file ‘delete[.]me’
dfir-2025-05-19-another-confluence-bites-the-dust-falling-to-elpaco-team-ransomware,T1069,,20,0,0,,
dfir-2025-05-19-another-confluence-bites-the-dust-falling-to-elpaco-team-ransomware,T1069.001,Local Groups,20,1,1,Another Confluence Bites the Dust: Falling to ELPACO-team Ransomware > Persistence,local group name
dfir-2025-05-19-another-confluence-bites-the-dust-falling-to-elpaco-team-ransomware,T1090,,20,0,0,,
dfir-2025-05-19-another-confluence-bites-the-dust-falling-to-elpaco-team-ransomware,T1090.002,External Proxy,20,1,1,Another Confluence Bites the Dust: Falling to ELPACO-team Ransomware > Command and Control,Connecting directly
dfir-2025-05-19-another-confluence-bites-the-dust-falling-to-elpaco-team-ransomware,T1204,,20,0,0,,
dfir-2025-05-19-another-confluence-bites-the-dust-falling-to-elpaco-team-ransomware,T1204.002,Malicious File,20,1,1,Another Confluence Bites the Dust: Falling to ELPACO-team Ransomware > Detections > Sigma,CVE-2023-22518 Exploitation Attempt - Suspicious
dfir-2025-05-19-another-confluence-bites-the-dust-falling-to-elpaco-team-ransomware,T1218,,20,0,0,,
dfir-2025-05-19-another-confluence-bites-the-dust-falling-to-elpaco-team-ransomware,T1218.010,Regsvr32,20,1,1,Another Confluence Bites the Dust: Falling to ELPACO-team Ransomware > Persistence,dll being executed using rundll32
dfir-2025-05-19-another-confluence-bites-the-dust-falling-to-elpaco-team-ransomware,T1499,,20,0,0,,
dfir-2025-05-19-another-confluence-bites-the-dust-falling-to-elpaco-team-ransomware,T1499.002,Service Exhaustion Flood,20,1,1,Another Confluence Bites the Dust: Falling to ELPACO-team Ransomware > Analysts,ELPACO-team Ransomware
dfir-2025-05-19-another-confluence-bites-the-dust-falling-to-elpaco-team-ransomware,T1546,Event Triggered Execution,20,1,1,Another Confluence Bites the Dust: Falling to ELPACO-team Ransomware > Execution,pipe creation event
dfir-2025-05-19-another-confluence-bites-the-dust-falling-to-elpaco-team-ransomware,T1546.009,AppCert DLLs,20,1,1,Another Confluence Bites the Dust: Falling to ELPACO-team Ransomware > Execution,u1.bat
dfir-2025-05-19-another-confluence-bites-the-dust-falling-to-elpaco-team-ransomware,T1547.004,Winlogon Helper DLL,20,1,1,Another Confluence Bites the Dust: Falling to ELPACO-team Ransomware > Privilege Escalation,tool named zero.exe
dfir-2025-05-19-another-confluence-bites-the-dust-falling-to-elpaco-team-ransomware,T1547.008,LSASS Driver,20,1,1,Another Confluence Bites the Dust: Falling to ELPACO-team Ransomware > Credential Access,different user account
dfir-2025-05-19-another-confluence-bites-the-dust-falling-to-elpaco-team-ransomware,T1548.003,Sudo and Sudo Caching,20,1,1,Another Confluence Bites the Dust: Falling to ELPACO-team Ransomware > Persistence,set the unattended
dfir-2025-05-19-another-confluence-bites-the-dust-falling-to-elpaco-team-ransomware,T1564,,20,0,0,,
dfir-2025-05-19-another-confluence-bites-the-dust-falling-to-elpaco-team-ransomware,T1564.009,Resource Forking,20,1,1,Another Confluence Bites the Dust: Falling to ELPACO-team Ransomware > Impact,executed itself
dfir-2025-05-19-another-confluence-bites-the-dust-falling-to-elpaco-team-ransomware,T1657,Financial Theft,20,1,1,Another Confluence Bites the Dust: Falling to ELPACO-team Ransomware,ELPACO-team Ransomware
dfir-2025-06-30-hide-your-rdp-password-spray-leads-to-ransomhub-deployment,T1003.001,LSASS Memory,100,0,5,Hide Your RDP: Password Spray Leads to RansomHub Deployment > Case Summary | Hide Your RDP: Password Spray Leads to RansomHub Deployment > Credential Access | Hide Your RDP: Password Spray Leads to RansomHub Deployment > Exfiltration > 2.03 GB > MITRE ATT&CK | Hide Your RDP: Password Spray Leads to RansomHub Deployment > Key Takeaways,extract stored credentials and interact with LSASS
dfir-2025-06-30-hide-your-rdp-password-spray-leads-to-ransomhub-deployment,T1021,Remote Services,100,0,4,Hide Your RDP: Password Spray Leads to RansomHub Deployment > Case Summary | Hide Your RDP: Password Spray Leads to RansomHub Deployment > Command and Control > Atera and Splashtop,used RDP
dfir-2025-06-30-hide-your-rdp-password-spray-leads-to-ransomhub-deployment,T1021.001,Remote Desktop Protocol,100,1,14,Hide Your RDP: Password Spray Leads to RansomHub Deployment > Case Summary | Hide Your RDP: Password Spray Leads to RansomHub Deployment > Command and Control > Atera and Splashtop | Hide Your RDP: Password Spray Leads to RansomHub Deployment > Command and Control > Direct RDP access | Hide Your RDP: Password Spray Leads to RansomHub Deployment > Credential Access,successful logons
dfir-2025-06-30-hide-your-rdp-password-spray-leads-to-ransomhub-deployment,T1021.004,SSH,100,1,2,Hide Your RDP: Password Spray Leads to RansomHub Deployment > Exfiltration | Hide Your RDP: Password Spray Leads to RansomHub Deployment > Exfiltration > 2.03 GB > Sigma,exfiltrate data over an SSH
dfir-2025-06-30-hide-your-rdp-password-spray-leads-to-ransomhub-deployment,T1048,Exfiltration Over Alternative Protocol,100,0,3,Hide Your RDP: Password Spray Leads to RansomHub Deployment > Case Summary | Hide Your RDP: Password Spray Leads to RansomHub Deployment > Exfiltration | Hide Your RDP: Password Spray Leads to RansomHub Deployment > Key Takeaways,facilitate the exfiltration of data
dfir-2025-06-30-hide-your-rdp-password-spray-leads-to-ransomhub-deployment,T1059,,100,0,0,,
dfir-2025-06-30-hide-your-rdp-password-spray-leads-to-ransomhub-deployment,T1059.001,PowerShell,100,0,1,Hide Your RDP: Password Spray Leads to RansomHub Deployment > Execution,numerous PowerShell commands were executed
dfir-2025-06-30-hide-your-rdp-password-spray-leads-to-ransomhub-deployment,T1059.003,Windows Command Shell,100,0,2,Hide Your RDP: Password Spray Leads to RansomHub Deployment > Execution,a batch script used to execute a RClone job
dfir-2025-06-30-hide-your-rdp-password-spray-leads-to-ransomhub-deployment,T1059.005,Visual Basic,100,0,2,Hide Your RDP: Password Spray Leads to RansomHub Deployment > Execution | Hide Your RDP: Password Spray Leads to RansomHub Deployment > Exfiltration,<mark>`nocmd.vbs`</mark> was executed as part of the exfiltration process
dfir-2025-06-30-hide-your-rdp-password-spray-leads-to-ransomhub-deployment,T1110,,100,0,0,,
dfir-2025-06-30-hide-your-rdp-password-spray-leads-to-ransomhub-deployment,T1110.003,Password Spraying,100,1,10,Hide Your RDP: Password Spray Leads to RansomHub Deployment | Hide Your RDP: Password Spray Leads to RansomHub Deployment > Case Summary | Hide Your RDP: Password Spray Leads to RansomHub Deployment > Command and Control > Direct RDP access | Hide Your RDP: Password Spray Leads to RansomHub Deployment > Discovery,password spray
dfir-2025-06-30-hide-your-rdp-password-spray-leads-to-ransomhub-deployment,T1133,External Remote Services,100,1,2,Hide Your RDP: Password Spray Leads to RansomHub Deployment > Case Summary | Hide Your RDP: Password Spray Leads to RansomHub Deployment > Exfiltration > 2.03 GB > MITRE ATT&CK,installed via RDP on two backup servers
dfir-2025-06-30-hide-your-rdp-password-spray-leads-to-ransomhub-deployment,T1218,,100,0,0,,
dfir-2025-06-30-hide-your-rdp-password-spray-leads-to-ransomhub-deployment,T1218.007,Msiexec,100,0,1,Hide Your RDP: Password Spray Leads to RansomHub Deployment > Exfiltration > 2.03 GB > Computed,setup.msi
dfir-2025-06-30-hide-your-rdp-password-spray-leads-to-ransomhub-deployment,T1490,Inhibit System Recovery,100,0,1,Hide Your RDP: Password Spray Leads to RansomHub Deployment > Defense Evasion,delete shadow copy
dfir-2025-06-30-hide-your-rdp-password-spray-leads-to-ransomhub-deployment,T1563.002,RDP Hijacking,100,0,3,Hide Your RDP: Password Spray Leads to RansomHub Deployment > Case Summary | Hide Your RDP: Password Spray Leads to RansomHub Deployment > Command and Control > Atera and Splashtop | Hide Your RDP: Password Spray Leads to RansomHub Deployment > Command and Control > Direct RDP access,used RDP to move laterally
dfir-2025-06-30-hide-your-rdp-password-spray-leads-to-ransomhub-deployment,T1685,,100,0,0,,
dfir-2025-06-30-hide-your-rdp-password-spray-leads-to-ransomhub-deployment,T1685.005,Clear Windows Event Logs,100,0,1,Hide Your RDP: Password Spray Leads to RansomHub Deployment > Defense Evasion,clear Windows logs
dfir-2025-06-30-hide-your-rdp-password-spray-leads-to-ransomhub-deployment,T1003,OS Credential Dumping,95,0,1,Hide Your RDP: Password Spray Leads to RansomHub Deployment > Credential Access,Mimikatz was used to capture various sensitive information
dfir-2025-06-30-hide-your-rdp-password-spray-leads-to-ransomhub-deployment,T1016,System Network Configuration Discovery,90,0,1,Hide Your RDP: Password Spray Leads to RansomHub Deployment > Discovery,network interface configuration
dfir-2025-06-30-hide-your-rdp-password-spray-leads-to-ransomhub-deployment,T1115,Clipboard Data,90,0,1,Hide Your RDP: Password Spray Leads to RansomHub Deployment > Command and Control > Atera and Splashtop,ClipboardChange
dfir-2025-06-30-hide-your-rdp-password-spray-leads-to-ransomhub-deployment,T1486,Data Encrypted for Impact,90,0,1,Hide Your RDP: Password Spray Leads to RansomHub Deployment > Exfiltration > 2.03 GB > Impact,left impacted files encrypted
dfir-2025-06-30-hide-your-rdp-password-spray-leads-to-ransomhub-deployment,T1567,,90,0,0,,
dfir-2025-06-30-hide-your-rdp-password-spray-leads-to-ransomhub-deployment,T1567.002,Exfiltration to Cloud Storage,90,0,1,Hide Your RDP: Password Spray Leads to RansomHub Deployment > Exfiltration,data exfiltrated to the remote server
dfir-2025-06-30-hide-your-rdp-password-spray-leads-to-ransomhub-deployment,T1016.001,Internet Connection Discovery,80,0,1,Hide Your RDP: Password Spray Leads to RansomHub Deployment > Discovery,Test connectivity and resolve internal hostnames
dfir-2025-06-30-hide-your-rdp-password-spray-leads-to-ransomhub-deployment,T1021.002,SMB/Windows Admin Shares,80,0,1,Hide Your RDP: Password Spray Leads to RansomHub Deployment > Key Takeaways,spread over SMB
dfir-2025-06-30-hide-your-rdp-password-spray-leads-to-ransomhub-deployment,T1049,System Network Connections Discovery,80,1,3,Hide Your RDP: Password Spray Leads to RansomHub Deployment > Case Summary | Hide Your RDP: Password Spray Leads to RansomHub Deployment > Discovery | Hide Your RDP: Password Spray Leads to RansomHub Deployment > Exfiltration > 2.03 GB > Sigma,execution of the NetScan tool
dfir-2025-06-30-hide-your-rdp-password-spray-leads-to-ransomhub-deployment,T1071,,80,0,0,,
dfir-2025-06-30-hide-your-rdp-password-spray-leads-to-ransomhub-deployment,T1071.002,File Transfer Protocols,80,0,2,Hide Your RDP: Password Spray Leads to RansomHub Deployment > Case Summary | Hide Your RDP: Password Spray Leads to RansomHub Deployment > Lateral Movement > SMB,exfiltrate files over SFTP
dfir-2025-06-30-hide-your-rdp-password-spray-leads-to-ransomhub-deployment,T1071.004,DNS,80,0,1,Hide Your RDP: Password Spray Leads to RansomHub Deployment > Exfiltration > 2.03 GB > Network,Splashtop Domain in DNS Lookup
dfir-2025-06-30-hide-your-rdp-password-spray-leads-to-ransomhub-deployment,T1078,Valid Accounts,80,0,1,Hide Your RDP: Password Spray Leads to RansomHub Deployment > Case Summary,credential harvesting
dfir-2025-06-30-hide-your-rdp-password-spray-leads-to-ransomhub-deployment,T1482,Domain Trust Discovery,80,0,1,Hide Your RDP: Password Spray Leads to RansomHub Deployment > Discovery,Discover domain trust relationships
dfir-2025-06-30-hide-your-rdp-password-spray-leads-to-ransomhub-deployment,T1564.006,Run Virtual Instance,80,1,2,Hide Your RDP: Password Spray Leads to RansomHub Deployment > Command and Control > Atera and Splashtop | Hide Your RDP: Password Spray Leads to RansomHub Deployment > Exfiltration > 2.03 GB > Impact,VirtualBox-hosted environment
dfir-2025-06-30-hide-your-rdp-password-spray-leads-to-ransomhub-deployment,T1210,Exploitation of Remote Services,70,0,1,Hide Your RDP: Password Spray Leads to RansomHub Deployment > Key Takeaways,executed using remote services
dfir-2025-06-30-hide-your-rdp-password-spray-leads-to-ransomhub-deployment,T1070,,60,0,0,,
dfir-2025-06-30-hide-your-rdp-password-spray-leads-to-ransomhub-deployment,T1070.004,File Deletion,60,1,2,Hide Your RDP: Password Spray Leads to RansomHub Deployment > Case Summary | Hide Your RDP: Password Spray Leads to RansomHub Deployment > Discovery,delete shadow
dfir-2025-06-30-hide-your-rdp-password-spray-leads-to-ransomhub-deployment,T1190,Exploit Public-Facing Application,50,0,1,Hide Your RDP: Password Spray Leads to RansomHub Deployment > Case Summary,internet-facing RDP server
dfir-2025-06-30-hide-your-rdp-password-spray-leads-to-ransomhub-deployment,T1554,Compromise Host Software Binary,50,0,1,Hide Your RDP: Password Spray Leads to RansomHub Deployment > Exfiltration > 2.03 GB > Yara,BINARYALERT_Hacktool_Windows_Mimikatz_Copywrite
dfir-2025-06-30-hide-your-rdp-password-spray-leads-to-ransomhub-deployment,T1564,,50,0,0,,
dfir-2025-06-30-hide-your-rdp-password-spray-leads-to-ransomhub-deployment,T1036,,20,0,0,,
dfir-2025-06-30-hide-your-rdp-password-spray-leads-to-ransomhub-deployment,T1036.010,Masquerade Account Name,20,1,1,Hide Your RDP: Password Spray Leads to RansomHub Deployment > Command and Control > Atera and Splashtop,disp name johnattan
dfir-2025-06-30-hide-your-rdp-password-spray-leads-to-ransomhub-deployment,T1087,,20,0,0,,
dfir-2025-06-30-hide-your-rdp-password-spray-leads-to-ransomhub-deployment,T1087.002,Domain Account,20,1,1,Hide Your RDP: Password Spray Leads to RansomHub Deployment > Exfiltration > 2.03 GB > MITRE ATT&CK,Domain Account
dfir-2025-06-30-hide-your-rdp-password-spray-leads-to-ransomhub-deployment,T1134,Access Token Manipulation,20,1,1,Hide Your RDP: Password Spray Leads to RansomHub Deployment > Initial Access,Elevated Token: Yes
dfir-2025-06-30-hide-your-rdp-password-spray-leads-to-ransomhub-deployment,T1518,,20,0,0,,
dfir-2025-06-30-hide-your-rdp-password-spray-leads-to-ransomhub-deployment,T1518.001,Security Software Discovery,20,1,1,Hide Your RDP: Password Spray Leads to RansomHub Deployment > Discovery,downloaded the Advanced IP Scanner
dfir-2025-06-30-hide-your-rdp-password-spray-leads-to-ransomhub-deployment,T1546,Event Triggered Execution,20,1,1,Hide Your RDP: Password Spray Leads to RansomHub Deployment > Persistence,setting up services
dfir-2025-06-30-hide-your-rdp-password-spray-leads-to-ransomhub-deployment,T1552,Unsecured Credentials,20,1,1,Hide Your RDP: Password Spray Leads to RansomHub Deployment > Exfiltration > 2.03 GB > Yara,DITEKSHEN_INDICATOR_RMM_Atera_CERT
dfir-2025-06-30-hide-your-rdp-password-spray-leads-to-ransomhub-deployment,T1557,,20,0,0,,
dfir-2025-06-30-hide-your-rdp-password-spray-leads-to-ransomhub-deployment,T1557.001,Name Resolution Poisoning and SMB Relay,20,1,1,Hide Your RDP: Password Spray Leads to RansomHub Deployment > Discovery,making DNS requests
dfir-2025-06-30-hide-your-rdp-password-spray-leads-to-ransomhub-deployment,T1563,Remote Service Session Hijacking,20,1,1,Hide Your RDP: Password Spray Leads to RansomHub Deployment > Persistence,deployed Atera
dfir-2025-06-30-hide-your-rdp-password-spray-leads-to-ransomhub-deployment,T1564.004,NTFS File Attributes,20,1,2,Hide Your RDP: Password Spray Leads to RansomHub Deployment > Exfiltration > 2.03 GB | Hide Your RDP: Password Spray Leads to RansomHub Deployment > Exfiltration > 2.03 GB > Sigma,NTFS artifacts
dfir-2025-06-30-hide-your-rdp-password-spray-leads-to-ransomhub-deployment,T1590,,20,0,0,,
dfir-2025-06-30-hide-your-rdp-password-spray-leads-to-ransomhub-deployment,T1590.005,IP Addresses,20,1,1,Hide Your RDP: Password Spray Leads to RansomHub Deployment > Initial Access,accessing the _Initial Access Use_
dfir-2025-09-08-blurring-the-lines-intrusion-shows-connection-with-three-major-ransomw,T1021,,100,0,0,,
dfir-2025-09-08-blurring-the-lines-intrusion-shows-connection-with-three-major-ransomw,T1021.001,Remote Desktop Protocol,100,0,6,Blurring the Lines: Intrusion Shows Connection With Three Major Ransomware Gangs > Case Summary | Blurring the Lines: Intrusion Shows Connection With Three Major Ransomware Gangs > Discovery | Blurring the Lines: Intrusion Shows Connection With Three Major Ransomware Gangs > Key Takeaways | Blurring the Lines: Intrusion Shows Connection With Three Major Ransomware Gangs > Lateral Movement,accessed the beachhead
dfir-2025-09-08-blurring-the-lines-intrusion-shows-connection-with-three-major-ransomw,T1036,Masquerading,100,0,1,Blurring the Lines: Intrusion Shows Connection With Three Major Ransomware Gangs > Defense Evasion,masquerading
dfir-2025-09-08-blurring-the-lines-intrusion-shows-connection-with-three-major-ransomw,T1036.003,Rename Legitimate Utilities,100,0,1,Blurring the Lines: Intrusion Shows Connection With Three Major Ransomware Gangs > Persistence,ChromeAlt_dbg.exe
dfir-2025-09-08-blurring-the-lines-intrusion-shows-connection-with-three-major-ransomw,T1036.005,Match Legitimate Resource Name or Location,100,0,1,Blurring the Lines: Intrusion Shows Connection With Three Major Ransomware Gangs > Defense Evasion,mimicking Avast Antivirus
dfir-2025-09-08-blurring-the-lines-intrusion-shows-connection-with-three-major-ransomw,T1047,Windows Management Instrumentation,100,0,2,Blurring the Lines: Intrusion Shows Connection With Three Major Ransomware Gangs > Lateral Movement | Blurring the Lines: Intrusion Shows Connection With Three Major Ransomware Gangs > MITRE ATT&CK,WmiPrvSE.exe
dfir-2025-09-08-blurring-the-lines-intrusion-shows-connection-with-three-major-ransomw,T1048,Exfiltration Over Alternative Protocol,100,0,3,Blurring the Lines: Intrusion Shows Connection With Three Major Ransomware Gangs > Collection | Blurring the Lines: Intrusion Shows Connection With Three Major Ransomware Gangs > Exfiltration,exfiltrating the staged files
dfir-2025-09-08-blurring-the-lines-intrusion-shows-connection-with-three-major-ransomw,T1048.003,Exfiltration Over Unencrypted Non-C2 Protocol,100,0,1,Blurring the Lines: Intrusion Shows Connection With Three Major Ransomware Gangs > Exfiltration,unencrypted FTP protocol
dfir-2025-09-08-blurring-the-lines-intrusion-shows-connection-with-three-major-ransomw,T1059.001,PowerShell,100,0,2,Blurring the Lines: Intrusion Shows Connection With Three Major Ransomware Gangs > Credential Access | Blurring the Lines: Intrusion Shows Connection With Three Major Ransomware Gangs > Discovery,PowerShell’s script block logging feature
dfir-2025-09-08-blurring-the-lines-intrusion-shows-connection-with-three-major-ransomw,T1070.006,Timestomp,100,0,1,Blurring the Lines: Intrusion Shows Connection With Three Major Ransomware Gangs > Defense Evasion,timestomping activities
dfir-2025-09-08-blurring-the-lines-intrusion-shows-connection-with-three-major-ransomw,T1071,,100,0,0,,
dfir-2025-09-08-blurring-the-lines-intrusion-shows-connection-with-three-major-ransomw,T1071.002,File Transfer Protocols,100,0,2,Blurring the Lines: Intrusion Shows Connection With Three Major Ransomware Gangs > Exfiltration,standard FTP commands
dfir-2025-09-08-blurring-the-lines-intrusion-shows-connection-with-three-major-ransomw,T1071.004,DNS,100,0,3,Blurring the Lines: Intrusion Shows Connection With Three Major Ransomware Gangs > Discovery,"1,271 internal DNS A requests"
dfir-2025-09-08-blurring-the-lines-intrusion-shows-connection-with-three-major-ransomw,T1078.003,Local Accounts,100,0,1,Blurring the Lines: Intrusion Shows Connection With Three Major Ransomware Gangs > Privilege Escalation,added this newly created account
dfir-2025-09-08-blurring-the-lines-intrusion-shows-connection-with-three-major-ransomw,T1105,Ingress Tool Transfer,100,1,4,Blurring the Lines: Intrusion Shows Connection With Three Major Ransomware Gangs > Case Summary | Blurring the Lines: Intrusion Shows Connection With Three Major Ransomware Gangs > Collection | Blurring the Lines: Intrusion Shows Connection With Three Major Ransomware Gangs > Detections > Sigma | Blurring the Lines: Intrusion Shows Connection With Three Major Ransomware Gangs > Key Takeaways,_FS64.exe_
dfir-2025-09-08-blurring-the-lines-intrusion-shows-connection-with-three-major-ransomw,T1112,Modify Registry,100,0,1,Blurring the Lines: Intrusion Shows Connection With Three Major Ransomware Gangs > Defense Evasion,modify critical registry keys
dfir-2025-09-08-blurring-the-lines-intrusion-shows-connection-with-three-major-ransomw,T1127,,100,0,0,,
dfir-2025-09-08-blurring-the-lines-intrusion-shows-connection-with-three-major-ransomw,T1127.001,MSBuild,100,0,4,Blurring the Lines: Intrusion Shows Connection With Three Major Ransomware Gangs > Command and Control > SectopRAT | Blurring the Lines: Intrusion Shows Connection With Three Major Ransomware Gangs > Diamond Model Indicators > Atomic | Blurring the Lines: Intrusion Shows Connection With Three Major Ransomware Gangs > Execution,MSBuild.exe
dfir-2025-09-08-blurring-the-lines-intrusion-shows-connection-with-three-major-ransomw,T1136,,100,0,0,,
dfir-2025-09-08-blurring-the-lines-intrusion-shows-connection-with-three-major-ransomw,T1136.001,Local Account,100,0,1,Blurring the Lines: Intrusion Shows Connection With Three Major Ransomware Gangs > Privilege Escalation,created a new local user
dfir-2025-09-08-blurring-the-lines-intrusion-shows-connection-with-three-major-ransomw,T1197,BITS Jobs,100,0,1,Blurring the Lines: Intrusion Shows Connection With Three Major Ransomware Gangs > Detections > Sigma,BITS Transfer
dfir-2025-09-08-blurring-the-lines-intrusion-shows-connection-with-three-major-ransomw,T1218,,100,0,0,,
dfir-2025-09-08-blurring-the-lines-intrusion-shows-connection-with-three-major-ransomw,T1218.011,Rundll32,100,0,3,Blurring the Lines: Intrusion Shows Connection With Three Major Ransomware Gangs > Execution,rundll32.exe
dfir-2025-09-08-blurring-the-lines-intrusion-shows-connection-with-three-major-ransomw,T1482,Domain Trust Discovery,100,0,1,Blurring the Lines: Intrusion Shows Connection With Three Major Ransomware Gangs > Discovery,"query the CN=Subnets,CN=Sites,CN=Configuration partition"
dfir-2025-09-08-blurring-the-lines-intrusion-shows-connection-with-three-major-ransomw,T1505,,100,0,0,,
dfir-2025-09-08-blurring-the-lines-intrusion-shows-connection-with-three-major-ransomw,T1505.001,SQL Stored Procedures,100,0,1,Blurring the Lines: Intrusion Shows Connection With Three Major Ransomware Gangs > Credential Access,establishes a connection
dfir-2025-09-08-blurring-the-lines-intrusion-shows-connection-with-three-major-ransomw,T1518,,100,0,0,,
dfir-2025-09-08-blurring-the-lines-intrusion-shows-connection-with-three-major-ransomw,T1518.002,Backup Software Discovery,100,1,5,Blurring the Lines: Intrusion Shows Connection With Three Major Ransomware Gangs > Case Summary | Blurring the Lines: Intrusion Shows Connection With Three Major Ransomware Gangs > Credential Access | Blurring the Lines: Intrusion Shows Connection With Three Major Ransomware Gangs > Discovery,security programs
dfir-2025-09-08-blurring-the-lines-intrusion-shows-connection-with-three-major-ransomw,T1547,,100,0,0,,
dfir-2025-09-08-blurring-the-lines-intrusion-shows-connection-with-three-major-ransomw,T1547.009,Shortcut Modification,100,0,1,Blurring the Lines: Intrusion Shows Connection With Three Major Ransomware Gangs > Persistence,ChromeAlt_dbg.lnk
dfir-2025-09-08-blurring-the-lines-intrusion-shows-connection-with-three-major-ransomw,T1548,,100,0,0,,
dfir-2025-09-08-blurring-the-lines-intrusion-shows-connection-with-three-major-ransomw,T1548.002,Bypass User Account Control,100,0,1,Blurring the Lines: Intrusion Shows Connection With Three Major Ransomware Gangs > Privilege Escalation,utilizing the “-s” parameter
dfir-2025-09-08-blurring-the-lines-intrusion-shows-connection-with-three-major-ransomw,T1557,,100,0,0,,
dfir-2025-09-08-blurring-the-lines-intrusion-shows-connection-with-three-major-ransomw,T1557.001,Name Resolution Poisoning and SMB Relay,100,0,1,Blurring the Lines: Intrusion Shows Connection With Three Major Ransomware Gangs > Diamond Model Indicators > Computed,earthtime.exe
dfir-2025-09-08-blurring-the-lines-intrusion-shows-connection-with-three-major-ransomw,T1560,,100,0,0,,
dfir-2025-09-08-blurring-the-lines-intrusion-shows-connection-with-three-major-ransomw,T1560.001,Archive via Utility,100,0,3,Blurring the Lines: Intrusion Shows Connection With Three Major Ransomware Gangs > Collection | Blurring the Lines: Intrusion Shows Connection With Three Major Ransomware Gangs > MITRE ATT&CK,used WinRAR.exe
dfir-2025-09-08-blurring-the-lines-intrusion-shows-connection-with-three-major-ransomw,T1574.001,DLL,100,0,4,Blurring the Lines: Intrusion Shows Connection With Three Major Ransomware Gangs > Diamond Model Indicators > Computed | Blurring the Lines: Intrusion Shows Connection With Three Major Ransomware Gangs > Execution,wakewordengine.dll
dfir-2025-09-08-blurring-the-lines-intrusion-shows-connection-with-three-major-ransomw,T1595,,100,0,0,,
dfir-2025-09-08-blurring-the-lines-intrusion-shows-connection-with-three-major-ransomw,T1595.002,Vulnerability Scanning,100,0,1,Blurring the Lines: Intrusion Shows Connection With Three Major Ransomware Gangs > Discovery,scans computer networks
dfir-2025-09-08-blurring-the-lines-intrusion-shows-connection-with-three-major-ransomw,T1570,Lateral Tool Transfer,95,0,1,Blurring the Lines: Intrusion Shows Connection With Three Major Ransomware Gangs > Key Takeaways,lateral movement was primarily accomplished through RDP connections
dfir-2025-09-08-blurring-the-lines-intrusion-shows-connection-with-three-major-ransomw,T1003.006,DCSync,90,0,2,Blurring the Lines: Intrusion Shows Connection With Three Major Ransomware Gangs > Case Summary | Blurring the Lines: Intrusion Shows Connection With Three Major Ransomware Gangs > Credential Access,DCSync attack
dfir-2025-09-08-blurring-the-lines-intrusion-shows-connection-with-three-major-ransomw,T1039,Data from Network Shared Drive,90,1,2,Blurring the Lines: Intrusion Shows Connection With Three Major Ransomware Gangs > Discovery,multiple files
dfir-2025-09-08-blurring-the-lines-intrusion-shows-connection-with-three-major-ransomw,T1057,Process Discovery,90,0,1,Blurring the Lines: Intrusion Shows Connection With Three Major Ransomware Gangs > Discovery,_whoami_
dfir-2025-09-08-blurring-the-lines-intrusion-shows-connection-with-three-major-ransomw,T1078,,90,0,0,,
dfir-2025-09-08-blurring-the-lines-intrusion-shows-connection-with-three-major-ransomw,T1571,Non-Standard Port,90,0,1,Blurring the Lines: Intrusion Shows Connection With Three Major Ransomware Gangs > Execution,communicated with _45.141.87.55_ on ports 9000 and 15647
dfir-2025-09-08-blurring-the-lines-intrusion-shows-connection-with-three-major-ransomw,T1572,Protocol Tunneling,90,0,1,Blurring the Lines: Intrusion Shows Connection With Three Major Ransomware Gangs > Command and Control > SystemBC,establish a tunnel
dfir-2025-09-08-blurring-the-lines-intrusion-shows-connection-with-three-major-ransomw,T1587,,90,0,0,,
dfir-2025-09-08-blurring-the-lines-intrusion-shows-connection-with-three-major-ransomw,T1587.001,Malware,90,0,1,Blurring the Lines: Intrusion Shows Connection With Three Major Ransomware Gangs > Case Summary,Grixba tooling
dfir-2025-09-08-blurring-the-lines-intrusion-shows-connection-with-three-major-ransomw,T1588,,90,0,0,,
dfir-2025-09-08-blurring-the-lines-intrusion-shows-connection-with-three-major-ransomw,T1588.003,Code Signing Certificates,90,0,2,Blurring the Lines: Intrusion Shows Connection With Three Major Ransomware Gangs > Execution,code signing
dfir-2025-09-08-blurring-the-lines-intrusion-shows-connection-with-three-major-ransomw,T1003.001,LSASS Memory,80,0,1,Blurring the Lines: Intrusion Shows Connection With Three Major Ransomware Gangs > Credential Access,accessed the LSASS
dfir-2025-09-08-blurring-the-lines-intrusion-shows-connection-with-three-major-ransomw,T1033,System Owner/User Discovery,80,0,1,Blurring the Lines: Intrusion Shows Connection With Three Major Ransomware Gangs > Lateral Movement,enumerating specific user accounts
dfir-2025-09-08-blurring-the-lines-intrusion-shows-connection-with-three-major-ransomw,T1036.008,Masquerade File Type,80,0,1,Blurring the Lines: Intrusion Shows Connection With Three Major Ransomware Gangs > Execution,masquerade
dfir-2025-09-08-blurring-the-lines-intrusion-shows-connection-with-three-major-ransomw,T1055.001,Dynamic-link Library Injection,80,0,2,Blurring the Lines: Intrusion Shows Connection With Three Major Ransomware Gangs > Execution,injecting itself
dfir-2025-09-08-blurring-the-lines-intrusion-shows-connection-with-three-major-ransomw,T1059,Command and Scripting Interpreter,80,0,1,Blurring the Lines: Intrusion Shows Connection With Three Major Ransomware Gangs > Discovery,using PsExec
dfir-2025-09-08-blurring-the-lines-intrusion-shows-connection-with-three-major-ransomw,T1070,,80,0,0,,
dfir-2025-09-08-blurring-the-lines-intrusion-shows-connection-with-three-major-ransomw,T1074,Data Staged,80,0,1,Blurring the Lines: Intrusion Shows Connection With Three Major Ransomware Gangs > Exfiltration,systematic data archiving
dfir-2025-09-08-blurring-the-lines-intrusion-shows-connection-with-three-major-ransomw,T1078.001,Default Accounts,80,0,1,Blurring the Lines: Intrusion Shows Connection With Three Major Ransomware Gangs > Case Summary,new local account
dfir-2025-09-08-blurring-the-lines-intrusion-shows-connection-with-three-major-ransomw,T1080,Taint Shared Content,80,1,3,Blurring the Lines: Intrusion Shows Connection With Three Major Ransomware Gangs > Case Summary | Blurring the Lines: Intrusion Shows Connection With Three Major Ransomware Gangs > Collection,remotely mounted share
dfir-2025-09-08-blurring-the-lines-intrusion-shows-connection-with-three-major-ransomw,T1082,System Information Discovery,80,0,1,Blurring the Lines: Intrusion Shows Connection With Three Major Ransomware Gangs > Discovery,_net user_ and _net group_
dfir-2025-09-08-blurring-the-lines-intrusion-shows-connection-with-three-major-ransomw,T1083,File and Directory Discovery,80,0,2,Blurring the Lines: Intrusion Shows Connection With Three Major Ransomware Gangs > Discovery,"C:\
Users\\Public\\Music\\_directory"
dfir-2025-09-08-blurring-the-lines-intrusion-shows-connection-with-three-major-ransomw,T1104,Multi-Stage Channels,80,0,1,Blurring the Lines: Intrusion Shows Connection With Three Major Ransomware Gangs > Command and Control,Three separate Command
dfir-2025-09-08-blurring-the-lines-intrusion-shows-connection-with-three-major-ransomw,T1202,Indirect Command Execution,80,0,1,Blurring the Lines: Intrusion Shows Connection With Three Major Ransomware Gangs > Discovery,command line parameters shown below
dfir-2025-09-08-blurring-the-lines-intrusion-shows-connection-with-three-major-ransomw,T1546,,80,0,0,,
dfir-2025-09-08-blurring-the-lines-intrusion-shows-connection-with-three-major-ransomw,T1546.016,Installer Packages,80,0,1,Blurring the Lines: Intrusion Shows Connection With Three Major Ransomware Gangs > Initial Access,copy that file instead
dfir-2025-09-08-blurring-the-lines-intrusion-shows-connection-with-three-major-ransomw,T1552,,80,0,0,,
dfir-2025-09-08-blurring-the-lines-intrusion-shows-connection-with-three-major-ransomw,T1552.002,Credentials in Registry,80,0,1,Blurring the Lines: Intrusion Shows Connection With Three Major Ransomware Gangs > Credential Access,query the Windows Registry
dfir-2025-09-08-blurring-the-lines-intrusion-shows-connection-with-three-major-ransomw,T1608,,80,0,0,,
dfir-2025-09-08-blurring-the-lines-intrusion-shows-connection-with-three-major-ransomw,T1608.001,Upload Malware,80,1,4,Blurring the Lines: Intrusion Shows Connection With Three Major Ransomware Gangs > Case Summary | Blurring the Lines: Intrusion Shows Connection With Three Major Ransomware Gangs > Command and Control > Betruger | Blurring the Lines: Intrusion Shows Connection With Three Major Ransomware Gangs > Defense Evasion | Blurring the Lines: Intrusion Shows Connection With Three Major Ransomware Gangs > Key Takeaways,written to %AppData%\Local\Temp
dfir-2025-09-08-blurring-the-lines-intrusion-shows-connection-with-three-major-ransomw,T1037,Boot or Logon Initialization Scripts,70,0,1,Blurring the Lines: Intrusion Shows Connection With Three Major Ransomware Gangs > Case Summary,Startup folder
dfir-2025-09-08-blurring-the-lines-intrusion-shows-connection-with-three-major-ransomw,T1204,,70,0,0,,
dfir-2025-09-08-blurring-the-lines-intrusion-shows-connection-with-three-major-ransomw,T1204.002,Malicious File,70,0,1,Blurring the Lines: Intrusion Shows Connection With Three Major Ransomware Gangs > Key Takeaways,impersonating DeskSoft’s EarthTime application
dfir-2025-09-08-blurring-the-lines-intrusion-shows-connection-with-three-major-ransomw,T1049,System Network Connections Discovery,60,0,1,Blurring the Lines: Intrusion Shows Connection With Three Major Ransomware Gangs > Discovery,targeted destination port 135
dfir-2025-09-08-blurring-the-lines-intrusion-shows-connection-with-three-major-ransomw,T1070.004,File Deletion,60,0,1,Blurring the Lines: Intrusion Shows Connection With Three Major Ransomware Gangs > Discovery,creation of a file
dfir-2025-09-08-blurring-the-lines-intrusion-shows-connection-with-three-major-ransomw,T1574,,60,0,0,,
dfir-2025-09-08-blurring-the-lines-intrusion-shows-connection-with-three-major-ransomw,T1055,,50,0,0,,
dfir-2025-09-08-blurring-the-lines-intrusion-shows-connection-with-three-major-ransomw,T1003,OS Credential Dumping,20,1,1,Blurring the Lines: Intrusion Shows Connection With Three Major Ransomware Gangs > Credential Access,extract credentials
dfir-2025-09-08-blurring-the-lines-intrusion-shows-connection-with-three-major-ransomw,T1040,Network Sniffing,20,1,1,Blurring the Lines: Intrusion Shows Connection With Three Major Ransomware Gangs > Case Summary,during traffic analysis
dfir-2025-09-08-blurring-the-lines-intrusion-shows-connection-with-three-major-ransomw,T1041,Exfiltration Over C2 Channel,20,1,1,Blurring the Lines: Intrusion Shows Connection With Three Major Ransomware Gangs > Command and Control,Three separate Command
dfir-2025-09-08-blurring-the-lines-intrusion-shows-connection-with-three-major-ransomw,T1055.013,Process Doppelgänging,20,1,1,Blurring the Lines: Intrusion Shows Connection With Three Major Ransomware Gangs > Detections > Sigma,Process Execution From A Potentially Suspicious
dfir-2025-09-08-blurring-the-lines-intrusion-shows-connection-with-three-major-ransomw,T1090,Proxy,20,1,1,Blurring the Lines: Intrusion Shows Connection With Three Major Ransomware Gangs > Detections > Network,CnC Init
dfir-2025-09-08-blurring-the-lines-intrusion-shows-connection-with-three-major-ransomw,T1190,Exploit Public-Facing Application,20,1,2,Blurring the Lines: Intrusion Shows Connection With Three Major Ransomware Gangs > Diamond Model Indicators > Atomic | Blurring the Lines: Intrusion Shows Connection With Three Major Ransomware Gangs > Initial Access,This behavior matches
dfir-2025-09-08-blurring-the-lines-intrusion-shows-connection-with-three-major-ransomw,T1486,Data Encrypted for Impact,20,1,2,Blurring the Lines: Intrusion Shows Connection With Three Major Ransomware Gangs > Impact | Blurring the Lines: Intrusion Shows Connection With Three Major Ransomware Gangs > Key Takeaways,Betruger
dfir-2025-09-08-blurring-the-lines-intrusion-shows-connection-with-three-major-ransomw,T1553,,20,0,0,,
dfir-2025-09-08-blurring-the-lines-intrusion-shows-connection-with-three-major-ransomw,T1553.004,Install Root Certificate,20,1,1,Blurring the Lines: Intrusion Shows Connection With Three Major Ransomware Gangs > Execution,compromised or fraudulent
dfir-2025-09-08-blurring-the-lines-intrusion-shows-connection-with-three-major-ransomw,T1556,,20,0,0,,
dfir-2025-09-08-blurring-the-lines-intrusion-shows-connection-with-three-major-ransomw,T1556.002,Password Filter DLL,20,1,1,Blurring the Lines: Intrusion Shows Connection With Three Major Ransomware Gangs > Credential Access,ProtectedStorage
dfir-2025-09-08-blurring-the-lines-intrusion-shows-connection-with-three-major-ransomw,T1556.005,Reversible Encryption,20,1,1,Blurring the Lines: Intrusion Shows Connection With Three Major Ransomware Gangs > Credential Access,credential dumping
dfir-2025-09-08-blurring-the-lines-intrusion-shows-connection-with-three-major-ransomw,T1574.007,Path Interception by PATH Environment Variable,20,1,1,Blurring the Lines: Intrusion Shows Connection With Three Major Ransomware Gangs > Discovery,checkwrite flag
dfir-2025-09-08-blurring-the-lines-intrusion-shows-connection-with-three-major-ransomw,T1584,,20,0,0,,
dfir-2025-09-08-blurring-the-lines-intrusion-shows-connection-with-three-major-ransomw,T1584.005,Botnet,20,1,1,Blurring the Lines: Intrusion Shows Connection With Three Major Ransomware Gangs > Detections > Network,botnet C2 traffic
dfir-2025-09-08-blurring-the-lines-intrusion-shows-connection-with-three-major-ransomw,T1592,,20,0,0,,
dfir-2025-09-08-blurring-the-lines-intrusion-shows-connection-with-three-major-ransomw,T1592.002,Software,20,1,1,Blurring the Lines: Intrusion Shows Connection With Three Major Ransomware Gangs > Impact,linked to three
dfir-2025-09-08-blurring-the-lines-intrusion-shows-connection-with-three-major-ransomw,T1679,Selective Exclusion,20,1,1,Blurring the Lines: Intrusion Shows Connection With Three Major Ransomware Gangs > Case Summary,links to three
dfir-2025-09-29-from-a-single-click-how-lunar-spider-enabled-a-near-two-month-intrusio,T1018,Remote System Discovery,100,0,1,From a Single Click: How Lunar Spider Enabled a Near Two- Month Intrusion > Discovery,net view REDACTED
dfir-2025-09-29-from-a-single-click-how-lunar-spider-enabled-a-near-two-month-intrusio,T1021,Remote Services,100,1,2,From a Single Click: How Lunar Spider Enabled a Near Two- Month Intrusion > Lateral Movement,Remote Service
dfir-2025-09-29-from-a-single-click-how-lunar-spider-enabled-a-near-two-month-intrusio,T1021.001,Remote Desktop Protocol,100,1,5,From a Single Click: How Lunar Spider Enabled a Near Two- Month Intrusion > Case Summary | From a Single Click: How Lunar Spider Enabled a Near Two- Month Intrusion > Diamond Model Indicators | From a Single Click: How Lunar Spider Enabled a Near Two- Month Intrusion > Execution | From a Single Click: How Lunar Spider Enabled a Near Two- Month Intrusion > Lateral Movement,using RDP to access
dfir-2025-09-29-from-a-single-click-how-lunar-spider-enabled-a-near-two-month-intrusio,T1021.005,VNC,100,1,6,From a Single Click: How Lunar Spider Enabled a Near Two- Month Intrusion > Case Summary | From a Single Click: How Lunar Spider Enabled a Near Two- Month Intrusion > Detections | From a Single Click: How Lunar Spider Enabled a Near Two- Month Intrusion > Discovery | From a Single Click: How Lunar Spider Enabled a Near Two- Month Intrusion > Execution,initiated VNC-based
dfir-2025-09-29-from-a-single-click-how-lunar-spider-enabled-a-near-two-month-intrusio,T1021.006,Windows Remote Management,100,1,2,From a Single Click: How Lunar Spider Enabled a Near Two- Month Intrusion > Detections,ed74fe75-7594-4b4b-ae38-e38e3fd2eb23 : Outbound RDP Connections Over Non-Standard Tools
dfir-2025-09-29-from-a-single-click-how-lunar-spider-enabled-a-near-two-month-intrusio,T1036,,100,0,0,,
dfir-2025-09-29-from-a-single-click-how-lunar-spider-enabled-a-near-two-month-intrusio,T1036.012,Browser Fingerprint,100,0,1,From a Single Click: How Lunar Spider Enabled a Near Two- Month Intrusion > Diamond Model Indicators,Mozilla/5.0 (Windows NT 6.2; WOW64)
dfir-2025-09-29-from-a-single-click-how-lunar-spider-enabled-a-near-two-month-intrusio,T1037,,100,0,0,,
dfir-2025-09-29-from-a-single-click-how-lunar-spider-enabled-a-near-two-month-intrusio,T1037.004,RC Scripts,100,0,1,From a Single Click: How Lunar Spider Enabled a Near Two- Month Intrusion > Diamond Model Indicators,RC4
dfir-2025-09-29-from-a-single-click-how-lunar-spider-enabled-a-near-two-month-intrusio,T1041,Exfiltration Over C2 Channel,100,0,1,From a Single Click: How Lunar Spider Enabled a Near Two- Month Intrusion > Key Takeaways,exfiltrated using Rclone
dfir-2025-09-29-from-a-single-click-how-lunar-spider-enabled-a-near-two-month-intrusio,T1047,Windows Management Instrumentation,100,0,3,From a Single Click: How Lunar Spider Enabled a Near Two- Month Intrusion > Lateral Movement | From a Single Click: How Lunar Spider Enabled a Near Two- Month Intrusion > MITRE ATT&CK,WMI Remoting
dfir-2025-09-29-from-a-single-click-how-lunar-spider-enabled-a-near-two-month-intrusio,T1048,Exfiltration Over Alternative Protocol,100,0,1,From a Single Click: How Lunar Spider Enabled a Near Two- Month Intrusion > Exfiltration,FTP traffic shows
dfir-2025-09-29-from-a-single-click-how-lunar-spider-enabled-a-near-two-month-intrusio,T1053,Scheduled Task/Job,100,0,1,From a Single Click: How Lunar Spider Enabled a Near Two- Month Intrusion > Execution,create a scheduled task
dfir-2025-09-29-from-a-single-click-how-lunar-spider-enabled-a-near-two-month-intrusio,T1053.005,Scheduled Task,100,0,2,From a Single Click: How Lunar Spider Enabled a Near Two- Month Intrusion > Execution | From a Single Click: How Lunar Spider Enabled a Near Two- Month Intrusion > Persistence,create a scheduled task
dfir-2025-09-29-from-a-single-click-how-lunar-spider-enabled-a-near-two-month-intrusio,T1055,Process Injection,100,0,1,From a Single Click: How Lunar Spider Enabled a Near Two- Month Intrusion > Defense Evasion,inside explorer's memory
dfir-2025-09-29-from-a-single-click-how-lunar-spider-enabled-a-near-two-month-intrusio,T1055.001,Dynamic-link Library Injection,100,0,3,From a Single Click: How Lunar Spider Enabled a Near Two- Month Intrusion > Execution,execute the DLL
dfir-2025-09-29-from-a-single-click-how-lunar-spider-enabled-a-near-two-month-intrusio,T1057,Process Discovery,100,0,2,From a Single Click: How Lunar Spider Enabled a Near Two- Month Intrusion > Detections | From a Single Click: How Lunar Spider Enabled a Near Two- Month Intrusion > Discovery,systeminfo
dfir-2025-09-29-from-a-single-click-how-lunar-spider-enabled-a-near-two-month-intrusio,T1059.005,Visual Basic,100,0,2,From a Single Click: How Lunar Spider Enabled a Near Two- Month Intrusion > Diamond Model Indicators | From a Single Click: How Lunar Spider Enabled a Near Two- Month Intrusion > Exfiltration,start.vbs
dfir-2025-09-29-from-a-single-click-how-lunar-spider-enabled-a-near-two-month-intrusio,T1059.007,JavaScript,100,0,2,From a Single Click: How Lunar Spider Enabled a Near Two- Month Intrusion > Initial Access | From a Single Click: How Lunar Spider Enabled a Near Two- Month Intrusion > MITRE ATT&CK,JavaScript
dfir-2025-09-29-from-a-single-click-how-lunar-spider-enabled-a-near-two-month-intrusio,T1069,,100,0,0,,
dfir-2025-09-29-from-a-single-click-how-lunar-spider-enabled-a-near-two-month-intrusio,T1069.002,Domain Groups,100,0,1,From a Single Click: How Lunar Spider Enabled a Near Two- Month Intrusion > Discovery,"net group ""Domain Admins"""
dfir-2025-09-29-from-a-single-click-how-lunar-spider-enabled-a-near-two-month-intrusio,T1070.004,File Deletion,100,1,3,From a Single Click: How Lunar Spider Enabled a Near Two- Month Intrusion > Case Summary | From a Single Click: How Lunar Spider Enabled a Near Two- Month Intrusion > Defense Evasion,deleted more than half
dfir-2025-09-29-from-a-single-click-how-lunar-spider-enabled-a-near-two-month-intrusio,T1078,,100,0,0,,
dfir-2025-09-29-from-a-single-click-how-lunar-spider-enabled-a-near-two-month-intrusio,T1078.002,Domain Accounts,100,0,2,From a Single Click: How Lunar Spider Enabled a Near Two- Month Intrusion > Case Summary,plaintext domain administrator
dfir-2025-09-29-from-a-single-click-how-lunar-spider-enabled-a-near-two-month-intrusio,T1087,,100,0,0,,
dfir-2025-09-29-from-a-single-click-how-lunar-spider-enabled-a-near-two-month-intrusio,T1087.002,Domain Account,100,0,1,From a Single Click: How Lunar Spider Enabled a Near Two- Month Intrusion > Discovery,net user REDACTED /domain
dfir-2025-09-29-from-a-single-click-how-lunar-spider-enabled-a-near-two-month-intrusio,T1105,Ingress Tool Transfer,100,1,2,From a Single Click: How Lunar Spider Enabled a Near Two- Month Intrusion > Discovery | From a Single Click: How Lunar Spider Enabled a Near Two- Month Intrusion > Exfiltration,dropped a data
dfir-2025-09-29-from-a-single-click-how-lunar-spider-enabled-a-near-two-month-intrusio,T1110,Brute Force,100,0,4,From a Single Click: How Lunar Spider Enabled a Near Two- Month Intrusion > Detections | From a Single Click: How Lunar Spider Enabled a Near Two- Month Intrusion > Diamond Model Indicators | From a Single Click: How Lunar Spider Enabled a Near Two- Month Intrusion > Initial Access,utilized Brute Ratel
dfir-2025-09-29-from-a-single-click-how-lunar-spider-enabled-a-near-two-month-intrusio,T1134.004,Parent PID Spoofing,100,1,2,From a Single Click: How Lunar Spider Enabled a Near Two- Month Intrusion > Detections,d522eca2-2973-4391-a3e0-ef0374321dae : Abused Debug Privilege by Arbitrary Parent
dfir-2025-09-29-from-a-single-click-how-lunar-spider-enabled-a-near-two-month-intrusio,T1189,Drive-by Compromise,100,0,2,From a Single Click: How Lunar Spider Enabled a Near Two- Month Intrusion > Diamond Model Indicators | From a Single Click: How Lunar Spider Enabled a Near Two- Month Intrusion > Key Takeaways,disguised as a tax form
dfir-2025-09-29-from-a-single-click-how-lunar-spider-enabled-a-near-two-month-intrusio,T1202,Indirect Command Execution,100,0,2,From a Single Click: How Lunar Spider Enabled a Near Two- Month Intrusion > Execution,executes the payload
dfir-2025-09-29-from-a-single-click-how-lunar-spider-enabled-a-near-two-month-intrusio,T1204,User Execution,100,0,2,From a Single Click: How Lunar Spider Enabled a Near Two- Month Intrusion > Case Summary | From a Single Click: How Lunar Spider Enabled a Near Two- Month Intrusion > Discovery,executed a malicious
dfir-2025-09-29-from-a-single-click-how-lunar-spider-enabled-a-near-two-month-intrusio,T1204.002,Malicious File,100,0,1,From a Single Click: How Lunar Spider Enabled a Near Two- Month Intrusion > Key Takeaways,deployed across the intrusion
dfir-2025-09-29-from-a-single-click-how-lunar-spider-enabled-a-near-two-month-intrusio,T1218,,100,0,0,,
dfir-2025-09-29-from-a-single-click-how-lunar-spider-enabled-a-near-two-month-intrusio,T1218.003,CMSTP,100,0,2,From a Single Click: How Lunar Spider Enabled a Near Two- Month Intrusion > Detections,d5601f8c-b26f-4ab0-9035-69e11a8d4ad2 : CobaltStrike Named Pipe
dfir-2025-09-29-from-a-single-click-how-lunar-spider-enabled-a-near-two-month-intrusio,T1218.011,Rundll32,100,0,6,From a Single Click: How Lunar Spider Enabled a Near Two- Month Intrusion > Diamond Model Indicators | From a Single Click: How Lunar Spider Enabled a Near Two- Month Intrusion > Execution | From a Single Click: How Lunar Spider Enabled a Near Two- Month Intrusion > Lateral Movement | From a Single Click: How Lunar Spider Enabled a Near Two- Month Intrusion > MITRE ATT&CK,rundll32.exe
dfir-2025-09-29-from-a-single-click-how-lunar-spider-enabled-a-near-two-month-intrusio,T1482,Domain Trust Discovery,100,0,4,From a Single Click: How Lunar Spider Enabled a Near Two- Month Intrusion > Diamond Model Indicators | From a Single Click: How Lunar Spider Enabled a Near Two- Month Intrusion > Discovery,nltest /domain_trusts
dfir-2025-09-29-from-a-single-click-how-lunar-spider-enabled-a-near-two-month-intrusio,T1518.001,Security Software Discovery,100,0,1,From a Single Click: How Lunar Spider Enabled a Near Two- Month Intrusion > Discovery,wmic.exe /node:localhost
dfir-2025-09-29-from-a-single-click-how-lunar-spider-enabled-a-near-two-month-intrusio,T1547,,100,0,0,,
dfir-2025-09-29-from-a-single-click-how-lunar-spider-enabled-a-near-two-month-intrusio,T1547.001,Registry Run Keys / Startup Folder,100,0,1,From a Single Click: How Lunar Spider Enabled a Near Two- Month Intrusion > Persistence,Registry Run Key
dfir-2025-09-29-from-a-single-click-how-lunar-spider-enabled-a-near-two-month-intrusio,T1548,Abuse Elevation Control Mechanism,100,0,1,From a Single Click: How Lunar Spider Enabled a Near Two- Month Intrusion > Privilege Escalation,UAC token duplication
dfir-2025-09-29-from-a-single-click-how-lunar-spider-enabled-a-near-two-month-intrusio,T1548.002,Bypass User Account Control,100,0,2,From a Single Click: How Lunar Spider Enabled a Near Two- Month Intrusion > MITRE ATT&CK | From a Single Click: How Lunar Spider Enabled a Near Two- Month Intrusion > Privilege Escalation,elevate uac-token-duplication
dfir-2025-09-29-from-a-single-click-how-lunar-spider-enabled-a-near-two-month-intrusio,T1555,,100,0,0,,
dfir-2025-09-29-from-a-single-click-how-lunar-spider-enabled-a-near-two-month-intrusio,T1555.003,Credentials from Web Browsers,100,1,4,From a Single Click: How Lunar Spider Enabled a Near Two- Month Intrusion > Credential Access | From a Single Click: How Lunar Spider Enabled a Near Two- Month Intrusion > Key Takeaways,harvesting credentials
dfir-2025-09-29-from-a-single-click-how-lunar-spider-enabled-a-near-two-month-intrusio,T1564,Hide Artifacts,100,0,1,From a Single Click: How Lunar Spider Enabled a Near Two- Month Intrusion > Detections,Windows_Trojan_BruteRatel
dfir-2025-09-29-from-a-single-click-how-lunar-spider-enabled-a-near-two-month-intrusio,T1574,,100,0,0,,
dfir-2025-09-29-from-a-single-click-how-lunar-spider-enabled-a-near-two-month-intrusio,T1574.001,DLL,100,0,3,From a Single Click: How Lunar Spider Enabled a Near Two- Month Intrusion > Command and Control | From a Single Click: How Lunar Spider Enabled a Near Two- Month Intrusion > Diamond Model Indicators | From a Single Click: How Lunar Spider Enabled a Near Two- Month Intrusion > Execution,upfilles.dll
dfir-2025-09-29-from-a-single-click-how-lunar-spider-enabled-a-near-two-month-intrusio,T1583,,100,0,0,,
dfir-2025-09-29-from-a-single-click-how-lunar-spider-enabled-a-near-two-month-intrusio,T1583.003,Virtual Private Server,100,0,1,From a Single Click: How Lunar Spider Enabled a Near Two- Month Intrusion > Lateral Movement,VPS2DAY
dfir-2025-09-29-from-a-single-click-how-lunar-spider-enabled-a-near-two-month-intrusio,T1595,,100,0,0,,
dfir-2025-09-29-from-a-single-click-how-lunar-spider-enabled-a-near-two-month-intrusio,T1595.001,Scanning IP Blocks,100,1,2,From a Single Click: How Lunar Spider Enabled a Near Two- Month Intrusion > Detections | From a Single Click: How Lunar Spider Enabled a Near Two- Month Intrusion > Discovery,scanning various /16 and /8
dfir-2025-09-29-from-a-single-click-how-lunar-spider-enabled-a-near-two-month-intrusio,T1608,,100,0,0,,
dfir-2025-09-29-from-a-single-click-how-lunar-spider-enabled-a-near-two-month-intrusio,T1608.001,Upload Malware,100,1,5,From a Single Click: How Lunar Spider Enabled a Near Two- Month Intrusion > Case Summary | From a Single Click: How Lunar Spider Enabled a Near Two- Month Intrusion > Command and Control | From a Single Click: How Lunar Spider Enabled a Near Two- Month Intrusion > Initial Access | From a Single Click: How Lunar Spider Enabled a Near Two- Month Intrusion > Key Takeaways,downloaded and executed
dfir-2025-09-29-from-a-single-click-how-lunar-spider-enabled-a-near-two-month-intrusio,T1059,,97,0,0,,
dfir-2025-09-29-from-a-single-click-how-lunar-spider-enabled-a-near-two-month-intrusio,T1134,,95,0,0,,
dfir-2025-09-29-from-a-single-click-how-lunar-spider-enabled-a-near-two-month-intrusio,T1027.010,Command Obfuscation,90,0,1,From a Single Click: How Lunar Spider Enabled a Near Two- Month Intrusion > Execution,variable-length encoding
dfir-2025-09-29-from-a-single-click-how-lunar-spider-enabled-a-near-two-month-intrusio,T1027.013,Encrypted/Encoded File,90,1,2,From a Single Click: How Lunar Spider Enabled a Near Two- Month Intrusion > Execution | From a Single Click: How Lunar Spider Enabled a Near Two- Month Intrusion > MITRE ATT&CK,XOR operations
dfir-2025-09-29-from-a-single-click-how-lunar-spider-enabled-a-near-two-month-intrusio,T1059.001,PowerShell,90,0,2,From a Single Click: How Lunar Spider Enabled a Near Two- Month Intrusion > Credential Access | From a Single Click: How Lunar Spider Enabled a Near Two- Month Intrusion > Privilege Escalation,multiple PowerShell instances were executed
dfir-2025-09-29-from-a-single-click-how-lunar-spider-enabled-a-near-two-month-intrusio,T1072,Software Deployment Tools,90,0,1,From a Single Click: How Lunar Spider Enabled a Near Two- Month Intrusion > Case Summary,escalated privileges using Windows’ Secondary Logon service
dfir-2025-09-29-from-a-single-click-how-lunar-spider-enabled-a-near-two-month-intrusio,T1102.002,Bidirectional Communication,90,1,4,From a Single Click: How Lunar Spider Enabled a Near Two- Month Intrusion > Case Summary | From a Single Click: How Lunar Spider Enabled a Near Two- Month Intrusion > Command and Control | From a Single Click: How Lunar Spider Enabled a Near Two- Month Intrusion > Execution,hxxps://cloudmeri.com/comm[.]php
dfir-2025-09-29-from-a-single-click-how-lunar-spider-enabled-a-near-two-month-intrusio,T1134.002,Create Process with Token,90,0,1,From a Single Click: How Lunar Spider Enabled a Near Two- Month Intrusion > Execution,RUNAS execution to create a new process”
dfir-2025-09-29-from-a-single-click-how-lunar-spider-enabled-a-near-two-month-intrusio,T1003,,80,0,0,,
dfir-2025-09-29-from-a-single-click-how-lunar-spider-enabled-a-near-two-month-intrusio,T1003.001,LSASS Memory,80,1,2,From a Single Click: How Lunar Spider Enabled a Near Two- Month Intrusion > Credential Access | From a Single Click: How Lunar Spider Enabled a Near Two- Month Intrusion > Execution,LSASS access
dfir-2025-09-29-from-a-single-click-how-lunar-spider-enabled-a-near-two-month-intrusio,T1027,Obfuscated Files or Information,80,0,3,From a Single Click: How Lunar Spider Enabled a Near Two- Month Intrusion > Case Summary | From a Single Click: How Lunar Spider Enabled a Near Two- Month Intrusion > Execution | From a Single Click: How Lunar Spider Enabled a Near Two- Month Intrusion > Initial Access,heavily obfuscated
dfir-2025-09-29-from-a-single-click-how-lunar-spider-enabled-a-near-two-month-intrusio,T1027.008,Stripped Payloads,80,0,1,From a Single Click: How Lunar Spider Enabled a Near Two- Month Intrusion > Execution,conceals its strings
dfir-2025-09-29-from-a-single-click-how-lunar-spider-enabled-a-near-two-month-intrusio,T1027.015,Compression,80,0,1,From a Single Click: How Lunar Spider Enabled a Near Two- Month Intrusion > Discovery,compress the collected data
dfir-2025-09-29-from-a-single-click-how-lunar-spider-enabled-a-near-two-month-intrusio,T1033,System Owner/User Discovery,80,0,1,From a Single Click: How Lunar Spider Enabled a Near Two- Month Intrusion > MITRE ATT&CK,System Owner/User Discovery
dfir-2025-09-29-from-a-single-click-how-lunar-spider-enabled-a-near-two-month-intrusio,T1102,Web Service,80,0,1,From a Single Click: How Lunar Spider Enabled a Near Two- Month Intrusion > Execution,JSON response
dfir-2025-09-29-from-a-single-click-how-lunar-spider-enabled-a-near-two-month-intrusio,T1132,Data Encoding,80,0,1,From a Single Click: How Lunar Spider Enabled a Near Two- Month Intrusion > Execution,switch to UTF-8 encoding
dfir-2025-09-29-from-a-single-click-how-lunar-spider-enabled-a-near-two-month-intrusio,T1140,Deobfuscate/Decode Files or Information,80,0,1,From a Single Click: How Lunar Spider Enabled a Near Two- Month Intrusion > Initial Access,////
dfir-2025-09-29-from-a-single-click-how-lunar-spider-enabled-a-near-two-month-intrusio,T1210,Exploitation of Remote Services,80,0,5,From a Single Click: How Lunar Spider Enabled a Near Two- Month Intrusion > Case Summary | From a Single Click: How Lunar Spider Enabled a Near Two- Month Intrusion > Discovery | From a Single Click: How Lunar Spider Enabled a Near Two- Month Intrusion > Lateral Movement,used PsExec to remotely deploy
dfir-2025-09-29-from-a-single-click-how-lunar-spider-enabled-a-near-two-month-intrusio,T1222,File and Directory Permissions Modification,80,0,1,From a Single Click: How Lunar Spider Enabled a Near Two- Month Intrusion > Discovery,icacls C:
dfir-2025-09-29-from-a-single-click-how-lunar-spider-enabled-a-near-two-month-intrusio,T1222.001,Windows Permissions,80,0,1,From a Single Click: How Lunar Spider Enabled a Near Two- Month Intrusion > Discovery,icacls C:
dfir-2025-09-29-from-a-single-click-how-lunar-spider-enabled-a-near-two-month-intrusio,T1552,,80,0,0,,
dfir-2025-09-29-from-a-single-click-how-lunar-spider-enabled-a-near-two-month-intrusio,T1552.002,Credentials in Registry,80,0,1,From a Single Click: How Lunar Spider Enabled a Near Two- Month Intrusion > Credential Access,querying Windows registry keys
dfir-2025-09-29-from-a-single-click-how-lunar-spider-enabled-a-near-two-month-intrusio,T1518,,75,0,0,,
dfir-2025-09-29-from-a-single-click-how-lunar-spider-enabled-a-near-two-month-intrusio,T1016,,60,0,0,,
dfir-2025-09-29-from-a-single-click-how-lunar-spider-enabled-a-near-two-month-intrusio,T1016.001,Internet Connection Discovery,60,1,2,From a Single Click: How Lunar Spider Enabled a Near Two- Month Intrusion > Detections | From a Single Click: How Lunar Spider Enabled a Near Two- Month Intrusion > Execution,Likely Connectivity
dfir-2025-09-29-from-a-single-click-how-lunar-spider-enabled-a-near-two-month-intrusio,T1070,,60,0,0,,
dfir-2025-09-29-from-a-single-click-how-lunar-spider-enabled-a-near-two-month-intrusio,T1071,,50,0,0,,
dfir-2025-09-29-from-a-single-click-how-lunar-spider-enabled-a-near-two-month-intrusio,T1071.004,DNS,50,1,2,From a Single Click: How Lunar Spider Enabled a Near Two- Month Intrusion > Detections | From a Single Click: How Lunar Spider Enabled a Near Two- Month Intrusion > Discovery,DNS data export
dfir-2025-09-29-from-a-single-click-how-lunar-spider-enabled-a-near-two-month-intrusio,T1119,Automated Collection,50,0,1,From a Single Click: How Lunar Spider Enabled a Near Two- Month Intrusion > Credential Access,base64-encoding
dfir-2025-09-29-from-a-single-click-how-lunar-spider-enabled-a-near-two-month-intrusio,T1190,Exploit Public-Facing Application,50,0,1,From a Single Click: How Lunar Spider Enabled a Near Two- Month Intrusion > Diamond Model Indicators,/vodeo/wg01ck01
dfir-2025-09-29-from-a-single-click-how-lunar-spider-enabled-a-near-two-month-intrusio,T1480,,50,0,0,,
dfir-2025-09-29-from-a-single-click-how-lunar-spider-enabled-a-near-two-month-intrusio,T1480.001,Environmental Keying,50,0,1,From a Single Click: How Lunar Spider Enabled a Near Two- Month Intrusion > Diamond Model Indicators,Encryption Key: MIGfMA0GCSqGSIb3DQEBAQUAA4GNADCBiQKBgQCGcLYJG9miEP3Lp+FqQ74n9HNbqI/
dfir-2025-09-29-from-a-single-click-how-lunar-spider-enabled-a-near-two-month-intrusio,T1518.002,Backup Software Discovery,50,0,1,From a Single Click: How Lunar Spider Enabled a Near Two- Month Intrusion > Credential Access,backup systems
dfir-2025-09-29-from-a-single-click-how-lunar-spider-enabled-a-near-two-month-intrusio,T1592,,50,0,0,,
dfir-2025-09-29-from-a-single-click-how-lunar-spider-enabled-a-near-two-month-intrusio,T1592.004,Client Configurations,50,0,1,From a Single Click: How Lunar Spider Enabled a Near Two- Month Intrusion > Diamond Model Indicators,&desklinks=[
dfir-2025-09-29-from-a-single-click-how-lunar-spider-enabled-a-near-two-month-intrusio,T1011,Exfiltration Over Other Network Medium,20,1,1,From a Single Click: How Lunar Spider Enabled a Near Two- Month Intrusion > Exfiltration,exfiltration activity took place over
dfir-2025-09-29-from-a-single-click-how-lunar-spider-enabled-a-near-two-month-intrusio,T1020,Automated Exfiltration,20,1,1,From a Single Click: How Lunar Spider Enabled a Near Two- Month Intrusion > Impact,data exfiltration
dfir-2025-09-29-from-a-single-click-how-lunar-spider-enabled-a-near-two-month-intrusio,T1068,Exploitation for Privilege Escalation,20,1,1,From a Single Click: How Lunar Spider Enabled a Near Two- Month Intrusion > Privilege Escalation,Privilege escalation
dfir-2025-09-29-from-a-single-click-how-lunar-spider-enabled-a-near-two-month-intrusio,T1070.010,Relocate Malware,20,1,1,From a Single Click: How Lunar Spider Enabled a Near Two- Month Intrusion > Initial Access,related to a W-9 tax form
dfir-2025-09-29-from-a-single-click-how-lunar-spider-enabled-a-near-two-month-intrusio,T1104,Multi-Stage Channels,20,1,2,From a Single Click: How Lunar Spider Enabled a Near Two- Month Intrusion > Case Summary | From a Single Click: How Lunar Spider Enabled a Near Two- Month Intrusion > Execution,deployed a custom .NET backdoor
dfir-2025-09-29-from-a-single-click-how-lunar-spider-enabled-a-near-two-month-intrusio,T1110.001,Password Guessing,20,1,1,From a Single Click: How Lunar Spider Enabled a Near Two- Month Intrusion > Command and Control,hostname of the infected workstation
dfir-2025-09-29-from-a-single-click-how-lunar-spider-enabled-a-near-two-month-intrusio,T1127,,20,0,0,,
dfir-2025-09-29-from-a-single-click-how-lunar-spider-enabled-a-near-two-month-intrusio,T1127.002,ClickOnce,20,1,1,From a Single Click: How Lunar Spider Enabled a Near Two- Month Intrusion > Detections,CobaltStrike Named
dfir-2025-09-29-from-a-single-click-how-lunar-spider-enabled-a-near-two-month-intrusio,T1539,Steal Web Session Cookie,20,1,2,From a Single Click: How Lunar Spider Enabled a Near Two- Month Intrusion > Credential Access,extracted email credentials
dfir-2025-09-29-from-a-single-click-how-lunar-spider-enabled-a-near-two-month-intrusio,T1569,,20,0,0,,
dfir-2025-09-29-from-a-single-click-how-lunar-spider-enabled-a-near-two-month-intrusio,T1569.002,Service Execution,20,1,1,From a Single Click: How Lunar Spider Enabled a Near Two- Month Intrusion > Lateral Movement,service Execution
dfir-2025-09-29-from-a-single-click-how-lunar-spider-enabled-a-near-two-month-intrusio,T1571,Non-Standard Port,20,1,1,From a Single Click: How Lunar Spider Enabled a Near Two- Month Intrusion > Command and Control,443
dfir-2025-09-29-from-a-single-click-how-lunar-spider-enabled-a-near-two-month-intrusio,T1590,,20,0,0,,
dfir-2025-09-29-from-a-single-click-how-lunar-spider-enabled-a-near-two-month-intrusio,T1590.002,DNS,20,1,1,From a Single Click: How Lunar Spider Enabled a Near Two- Month Intrusion > Discovery,dnscmd /zoneprint domain.local
dfir-2025-12-17-cats-got-your-files-lynx-ransomware,T1018,Remote System Discovery,100,0,2,Cat’s Got Your Files: Lynx Ransomware > Discovery | Cat’s Got Your Files: Lynx Ransomware > Discovery > Netscan,ping ​REDACTED
dfir-2025-12-17-cats-got-your-files-lynx-ransomware,T1021.001,Remote Desktop Protocol,100,1,21,Cat’s Got Your Files: Lynx Ransomware > Case Summary | Cat’s Got Your Files: Lynx Ransomware > Command and Control | Cat’s Got Your Files: Lynx Ransomware > Detections | Cat’s Got Your Files: Lynx Ransomware > Discovery > Netscan,moved laterally to it via RDP
dfir-2025-12-17-cats-got-your-files-lynx-ransomware,T1021.002,SMB/Windows Admin Shares,100,0,3,Cat’s Got Your Files: Lynx Ransomware > Detections | Cat’s Got Your Files: Lynx Ransomware > Discovery > Netscan,External Remote SMB Logon
dfir-2025-12-17-cats-got-your-files-lynx-ransomware,T1027,,100,0,0,,
dfir-2025-12-17-cats-got-your-files-lynx-ransomware,T1027.015,Compression,100,0,2,Cat’s Got Your Files: Lynx Ransomware > Case Summary | Cat’s Got Your Files: Lynx Ransomware > Collection,compressed the contents
dfir-2025-12-17-cats-got-your-files-lynx-ransomware,T1049,System Network Connections Discovery,100,1,6,Cat’s Got Your Files: Lynx Ransomware > Case Summary | Cat’s Got Your Files: Lynx Ransomware > Discovery > Netscan,discovery commands
dfir-2025-12-17-cats-got-your-files-lynx-ransomware,T1057,Process Discovery,100,1,3,Cat’s Got Your Files: Lynx Ransomware > Discovery | Cat’s Got Your Files: Lynx Ransomware > Discovery > Netscan,Systeminfo
dfir-2025-12-17-cats-got-your-files-lynx-ransomware,T1071,,100,0,0,,
dfir-2025-12-17-cats-got-your-files-lynx-ransomware,T1071.001,Web Protocols,100,0,1,Cat’s Got Your Files: Lynx Ransomware > Discovery > Netscan,netscan.exe
dfir-2025-12-17-cats-got-your-files-lynx-ransomware,T1078,Valid Accounts,100,0,6,Cat’s Got Your Files: Lynx Ransomware > Case Summary | Cat’s Got Your Files: Lynx Ransomware > Credential Access | Cat’s Got Your Files: Lynx Ransomware > Initial Access | Cat’s Got Your Files: Lynx Ransomware > Lateral Movement,valid credentials
dfir-2025-12-17-cats-got-your-files-lynx-ransomware,T1078.001,Default Accounts,100,1,2,Cat’s Got Your Files: Lynx Ransomware > Lateral Movement | Cat’s Got Your Files: Lynx Ransomware > Persistence,Domain Admin credentials
dfir-2025-12-17-cats-got-your-files-lynx-ransomware,T1098,,100,0,0,,
dfir-2025-12-17-cats-got-your-files-lynx-ransomware,T1098.007,Additional Local or Domain Groups,100,1,5,Cat’s Got Your Files: Lynx Ransomware > Case Summary | Cat’s Got Your Files: Lynx Ransomware > Detections | Cat’s Got Your Files: Lynx Ransomware > Privilege Escalation,added them to several high-privilege domain groups
dfir-2025-12-17-cats-got-your-files-lynx-ransomware,T1105,Ingress Tool Transfer,100,1,5,Cat’s Got Your Files: Lynx Ransomware | Cat’s Got Your Files: Lynx Ransomware > Case Summary | Cat’s Got Your Files: Lynx Ransomware > Computed | Cat’s Got Your Files: Lynx Ransomware > Discovery > Netscan,downloaded NetExec
dfir-2025-12-17-cats-got-your-files-lynx-ransomware,T1218.014,MMC,100,0,3,Cat’s Got Your Files: Lynx Ransomware > Case Summary | Cat’s Got Your Files: Lynx Ransomware > Discovery > Netscan,dsa.msc
dfir-2025-12-17-cats-got-your-files-lynx-ransomware,T1484.001,Group Policy Modification,100,0,1,Cat’s Got Your Files: Lynx Ransomware > Privilege Escalation,Group Policy Creator Owners
dfir-2025-12-17-cats-got-your-files-lynx-ransomware,T1486,Data Encrypted for Impact,100,0,1,Cat’s Got Your Files: Lynx Ransomware > Case Summary,deployed and executed Lynx ransomware
dfir-2025-12-17-cats-got-your-files-lynx-ransomware,T1560.001,Archive via Utility,100,0,1,Cat’s Got Your Files: Lynx Ransomware > MITRE ATT&CK,Archive via Utility
dfir-2025-12-17-cats-got-your-files-lynx-ransomware,T1563,,100,0,0,,
dfir-2025-12-17-cats-got-your-files-lynx-ransomware,T1563.002,RDP Hijacking,100,1,8,Cat’s Got Your Files: Lynx Ransomware > Case Summary | Cat’s Got Your Files: Lynx Ransomware > Diamond Model Indicators | Cat’s Got Your Files: Lynx Ransomware > Discovery > Netscan | Cat’s Got Your Files: Lynx Ransomware > Execution,RDP Initial Access
dfir-2025-12-17-cats-got-your-files-lynx-ransomware,T1518,,95,0,0,,
dfir-2025-12-17-cats-got-your-files-lynx-ransomware,T1518.002,Backup Software Discovery,95,0,1,Cat’s Got Your Files: Lynx Ransomware > Impact,browsed the currently deployed backup jobs
dfir-2025-12-17-cats-got-your-files-lynx-ransomware,T1039,Data from Network Shared Drive,90,1,3,Cat’s Got Your Files: Lynx Ransomware > Case Summary | Cat’s Got Your Files: Lynx Ransomware > Collection | Cat’s Got Your Files: Lynx Ransomware > Key Takeaways,network shares
dfir-2025-12-17-cats-got-your-files-lynx-ransomware,T1059.003,Windows Command Shell,90,0,1,Cat’s Got Your Files: Lynx Ransomware > Execution,Windows Command Shell (`cmd.exe`)
dfir-2025-12-17-cats-got-your-files-lynx-ransomware,T1078.002,Domain Accounts,90,1,4,Cat’s Got Your Files: Lynx Ransomware > Case Summary | Cat’s Got Your Files: Lynx Ransomware > Privilege Escalation,authenticated using a different account
dfir-2025-12-17-cats-got-your-files-lynx-ransomware,T1560,Archive Collected Data,90,0,1,Cat’s Got Your Files: Lynx Ransomware > Exfiltration,archived files
dfir-2025-12-17-cats-got-your-files-lynx-ransomware,T1588.002,Tool,90,0,2,Cat’s Got Your Files: Lynx Ransomware > Discovery > Netscan,purchased this license
dfir-2025-12-17-cats-got-your-files-lynx-ransomware,T1021,Remote Services,80,0,2,Cat’s Got Your Files: Lynx Ransomware > Credential Access | Cat’s Got Your Files: Lynx Ransomware > Lateral Movement,Remote Desktop Protocol
dfir-2025-12-17-cats-got-your-files-lynx-ransomware,T1048,Exfiltration Over Alternative Protocol,80,0,1,Cat’s Got Your Files: Lynx Ransomware > Exfiltration,upload feature
dfir-2025-12-17-cats-got-your-files-lynx-ransomware,T1070.004,File Deletion,80,0,2,Cat’s Got Your Files: Lynx Ransomware > Case Summary | Cat’s Got Your Files: Lynx Ransomware > Discovery > Netscan,delete existing backup jobs
dfir-2025-12-17-cats-got-your-files-lynx-ransomware,T1584,Compromise Infrastructure,80,1,2,Cat’s Got Your Files: Lynx Ransomware > Command and Control,Railnet LLC
dfir-2025-12-17-cats-got-your-files-lynx-ransomware,T1588,Obtain Capabilities,80,0,1,Cat’s Got Your Files: Lynx Ransomware > Discovery > Netscan,buy SoftPerfect
dfir-2025-12-17-cats-got-your-files-lynx-ransomware,T1484,,60,0,0,,
dfir-2025-12-17-cats-got-your-files-lynx-ransomware,T1059,,55,0,0,,
dfir-2025-12-17-cats-got-your-files-lynx-ransomware,T1012,Query Registry,20,1,1,Cat’s Got Your Files: Lynx Ransomware > Discovery > Netscan,queried the registry
dfir-2025-12-17-cats-got-your-files-lynx-ransomware,T1040,Network Sniffing,20,1,1,Cat’s Got Your Files: Lynx Ransomware > Detections,Potential Scan
dfir-2025-12-17-cats-got-your-files-lynx-ransomware,T1059.008,Network Device CLI,20,1,1,Cat’s Got Your Files: Lynx Ransomware > Discovery > Netscan,network discovery
dfir-2025-12-17-cats-got-your-files-lynx-ransomware,T1070,Indicator Removal,20,1,1,Cat’s Got Your Files: Lynx Ransomware > Defense Evasion,obscure their activity
dfir-2025-12-17-cats-got-your-files-lynx-ransomware,T1080,Taint Shared Content,20,1,2,Cat’s Got Your Files: Lynx Ransomware > Detections,Suspicious ADS File
dfir-2025-12-17-cats-got-your-files-lynx-ransomware,T1082,System Information Discovery,20,1,1,Cat’s Got Your Files: Lynx Ransomware > Discovery > Netscan,systeminfo
dfir-2025-12-17-cats-got-your-files-lynx-ransomware,T1110,,20,0,0,,
dfir-2025-12-17-cats-got-your-files-lynx-ransomware,T1110.004,Credential Stuffing,20,1,1,Cat’s Got Your Files: Lynx Ransomware > Credential Access,breach dumps
dfir-2025-12-17-cats-got-your-files-lynx-ransomware,T1133,External Remote Services,20,1,1,Cat’s Got Your Files: Lynx Ransomware > MITRE ATT&CK,External Remote Services
dfir-2025-12-17-cats-got-your-files-lynx-ransomware,T1190,Exploit Public-Facing Application,20,1,1,Cat’s Got Your Files: Lynx Ransomware > Case Summary,the threat actor returned via RDP from a new source IP address
dfir-2025-12-17-cats-got-your-files-lynx-ransomware,T1218,System Binary Proxy Execution,20,1,1,Cat’s Got Your Files: Lynx Ransomware > Detections,Suspicious ADS File
dfir-2025-12-17-cats-got-your-files-lynx-ransomware,T1218.003,CMSTP,20,1,1,Cat’s Got Your Files: Lynx Ransomware > Detections,Command Executed Via Run
dfir-2025-12-17-cats-got-your-files-lynx-ransomware,T1219,,20,0,0,,
dfir-2025-12-17-cats-got-your-files-lynx-ransomware,T1219.002,Remote Desktop Software,20,1,1,Cat’s Got Your Files: Lynx Ransomware > Discovery > Netscan,Netscan was used
dfir-2025-12-17-cats-got-your-files-lynx-ransomware,T1484.002,Trust Modification,20,1,1,Cat’s Got Your Files: Lynx Ransomware > Key Takeaways,added them to privileged
dfir-2025-12-17-cats-got-your-files-lynx-ransomware,T1490,Inhibit System Recovery,20,1,1,Cat’s Got Your Files: Lynx Ransomware > Impact,removed backups
dfir-2025-12-17-cats-got-your-files-lynx-ransomware,T1557,,20,0,0,,
dfir-2025-12-17-cats-got-your-files-lynx-ransomware,T1557.001,Name Resolution Poisoning and SMB Relay,20,1,2,Cat’s Got Your Files: Lynx Ransomware > Discovery > Netscan,making connections over SMB
dfir-2025-12-17-cats-got-your-files-lynx-ransomware,T1564,Hide Artifacts,20,1,1,Cat’s Got Your Files: Lynx Ransomware > Defense Evasion,obscure their activity
dfir-2025-12-17-cats-got-your-files-lynx-ransomware,T1590,,20,0,0,,
dfir-2025-12-17-cats-got-your-files-lynx-ransomware,T1590.005,IP Addresses,20,1,1,Cat’s Got Your Files: Lynx Ransomware > Case Summary,associated with Railnet LLC
dfir-2025-12-17-cats-got-your-files-lynx-ransomware,T1595,,20,0,0,,
dfir-2025-12-17-cats-got-your-files-lynx-ransomware,T1595.002,Vulnerability Scanning,20,1,1,Cat’s Got Your Files: Lynx Ransomware > Detections,Netscan
dfir-2025-12-17-cats-got-your-files-lynx-ransomware,T1608,,20,0,0,,
dfir-2025-12-17-cats-got-your-files-lynx-ransomware,T1608.001,Upload Malware,20,1,1,Cat’s Got Your Files: Lynx Ransomware > Command and Control,bulletproof hosting services
dfir-2025-12-17-cats-got-your-files-lynx-ransomware,T1654,Log Enumeration,20,1,1,Cat’s Got Your Files: Lynx Ransomware > Discovery > Netscan,queried the registry on the beachhead host
dfir-2026-02-23-apache-activemq-exploit-leads-to-lockbit-ransomware,T1021,,100,0,0,,
dfir-2026-02-23-apache-activemq-exploit-leads-to-lockbit-ransomware,T1021.001,Remote Desktop Protocol,100,1,13,Apache ActiveMQ Exploit Leads to LockBit Ransomware > Case Summary | Apache ActiveMQ Exploit Leads to LockBit Ransomware > Defense Evasion | Apache ActiveMQ Exploit Leads to LockBit Ransomware > Detections > Sigma | Apache ActiveMQ Exploit Leads to LockBit Ransomware > Diamond Model Indicators > Computed,deployed LockBit ransomware via RDP
dfir-2026-02-23-apache-activemq-exploit-leads-to-lockbit-ransomware,T1190,Exploit Public-Facing Application,100,1,15,Apache ActiveMQ Exploit Leads to LockBit Ransomware | Apache ActiveMQ Exploit Leads to LockBit Ransomware > Case Summary | Apache ActiveMQ Exploit Leads to LockBit Ransomware > Command and Control | Apache ActiveMQ Exploit Leads to LockBit Ransomware > Detections > Network,Apache ActiveMQ Exploit
dfir-2026-02-23-apache-activemq-exploit-leads-to-lockbit-ransomware,T1210,Exploitation of Remote Services,100,1,10,Apache ActiveMQ Exploit Leads to LockBit Ransomware > Case Summary | Apache ActiveMQ Exploit Leads to LockBit Ransomware > Detections > Network | Apache ActiveMQ Exploit Leads to LockBit Ransomware > Initial Access | Apache ActiveMQ Exploit Leads to LockBit Ransomware > Lateral Movement,execute remote services
dfir-2026-02-23-apache-activemq-exploit-leads-to-lockbit-ransomware,T1218,System Binary Proxy Execution,100,0,1,Apache ActiveMQ Exploit Leads to LockBit Ransomware > Execution,Metasploit executable
dfir-2026-02-23-apache-activemq-exploit-leads-to-lockbit-ransomware,T1564,Hide Artifacts,100,0,1,Apache ActiveMQ Exploit Leads to LockBit Ransomware > Detections > Yara,Windows_Trojan_Metasploit
dfir-2026-02-23-apache-activemq-exploit-leads-to-lockbit-ransomware,T1685,,100,0,0,,
dfir-2026-02-23-apache-activemq-exploit-leads-to-lockbit-ransomware,T1685.005,Clear Windows Event Logs,100,0,1,Apache ActiveMQ Exploit Leads to LockBit Ransomware > Defense Evasion,clearing out both System and Application event logs
dfir-2026-02-23-apache-activemq-exploit-leads-to-lockbit-ransomware,T1003,,90,0,0,,
dfir-2026-02-23-apache-activemq-exploit-leads-to-lockbit-ransomware,T1003.001,LSASS Memory,90,1,5,Apache ActiveMQ Exploit Leads to LockBit Ransomware > Case Summary | Apache ActiveMQ Exploit Leads to LockBit Ransomware > Credential Access,accessed LSASS process
dfir-2026-02-23-apache-activemq-exploit-leads-to-lockbit-ransomware,T1059,,90,0,0,,
dfir-2026-02-23-apache-activemq-exploit-leads-to-lockbit-ransomware,T1059.003,Windows Command Shell,90,0,1,Apache ActiveMQ Exploit Leads to LockBit Ransomware > Defense Evasion,execute via a CMD
dfir-2026-02-23-apache-activemq-exploit-leads-to-lockbit-ransomware,T1140,Deobfuscate/Decode Files or Information,90,0,1,Apache ActiveMQ Exploit Leads to LockBit Ransomware > Lateral Movement,deobfuscate the command
dfir-2026-02-23-apache-activemq-exploit-leads-to-lockbit-ransomware,T1486,Data Encrypted for Impact,90,0,1,Apache ActiveMQ Exploit Leads to LockBit Ransomware > Impact,encrypting files
dfir-2026-02-23-apache-activemq-exploit-leads-to-lockbit-ransomware,T1563.002,RDP Hijacking,90,0,2,Apache ActiveMQ Exploit Leads to LockBit Ransomware > Impact | Apache ActiveMQ Exploit Leads to LockBit Ransomware > Lateral Movement,All ransomware was executed interactively via those RDP sessions
dfir-2026-02-23-apache-activemq-exploit-leads-to-lockbit-ransomware,T1574,,90,0,0,,
dfir-2026-02-23-apache-activemq-exploit-leads-to-lockbit-ransomware,T1574.005,Executable Installer File Permissions Weakness,90,0,1,Apache ActiveMQ Exploit Leads to LockBit Ransomware > Case Summary,dropped via the Metasploit process
dfir-2026-02-23-apache-activemq-exploit-leads-to-lockbit-ransomware,T1027,Obfuscated Files or Information,80,0,1,Apache ActiveMQ Exploit Leads to LockBit Ransomware > Lateral Movement,Remove all occurrences of **+**
dfir-2026-02-23-apache-activemq-exploit-leads-to-lockbit-ransomware,T1041,Exfiltration Over C2 Channel,80,0,1,Apache ActiveMQ Exploit Leads to LockBit Ransomware > Lateral Movement,network activity toward a specific IP address
dfir-2026-02-23-apache-activemq-exploit-leads-to-lockbit-ransomware,T1204,User Execution,80,0,2,Apache ActiveMQ Exploit Leads to LockBit Ransomware > Case Summary,executed via a simple double-click
dfir-2026-02-23-apache-activemq-exploit-leads-to-lockbit-ransomware,T1548,Abuse Elevation Control Mechanism,80,0,1,Apache ActiveMQ Exploit Leads to LockBit Ransomware > Privilege Escalation,This service then executed
dfir-2026-02-23-apache-activemq-exploit-leads-to-lockbit-ransomware,T1563,Remote Service Session Hijacking,80,0,1,Apache ActiveMQ Exploit Leads to LockBit Ransomware > Case Summary,remote service execution
dfir-2026-02-23-apache-activemq-exploit-leads-to-lockbit-ransomware,T1568,Dynamic Resolution,80,0,1,Apache ActiveMQ Exploit Leads to LockBit Ransomware > Command and Control,C2 communication to 166.62.100[.]62 on port 2460
dfir-2026-02-23-apache-activemq-exploit-leads-to-lockbit-ransomware,T1595,Active Scanning,80,0,1,Apache ActiveMQ Exploit Leads to LockBit Ransomware > Discovery,enumerate the local
dfir-2026-02-23-apache-activemq-exploit-leads-to-lockbit-ransomware,T1608,,70,0,0,,
dfir-2026-02-23-apache-activemq-exploit-leads-to-lockbit-ransomware,T1608.001,Upload Malware,70,0,1,Apache ActiveMQ Exploit Leads to LockBit Ransomware > Case Summary,payload turned out to be a Metasploit stager
dfir-2026-02-23-apache-activemq-exploit-leads-to-lockbit-ransomware,T1068,Exploitation for Privilege Escalation,60,0,1,Apache ActiveMQ Exploit Leads to LockBit Ransomware > Initial Access,Remote Code Execution(RCE)
dfir-2026-02-23-apache-activemq-exploit-leads-to-lockbit-ransomware,T1078,,60,0,0,,
dfir-2026-02-23-apache-activemq-exploit-leads-to-lockbit-ransomware,T1078.001,Default Accounts,60,0,1,Apache ActiveMQ Exploit Leads to LockBit Ransomware > Case Summary,using a domain administrator account
dfir-2026-02-23-apache-activemq-exploit-leads-to-lockbit-ransomware,T1546,Event Triggered Execution,60,0,1,Apache ActiveMQ Exploit Leads to LockBit Ransomware > Persistence,configured it to AutoStart
dfir-2026-02-23-apache-activemq-exploit-leads-to-lockbit-ransomware,T1547,,60,0,0,,
dfir-2026-02-23-apache-activemq-exploit-leads-to-lockbit-ransomware,T1547.008,LSASS Driver,60,0,1,Apache ActiveMQ Exploit Leads to LockBit Ransomware > Credential Access,CallTrace UNKNOWN
dfir-2026-02-23-apache-activemq-exploit-leads-to-lockbit-ransomware,T1687,Exploitation for Defense Impairment,50,0,1,Apache ActiveMQ Exploit Leads to LockBit Ransomware > Detections > Sigma,Apache ActiveMQ Exploit Leads
dfir-2026-02-23-apache-activemq-exploit-leads-to-lockbit-ransomware,T1027.007,Dynamic API Resolution,20,1,1,Apache ActiveMQ Exploit Leads to LockBit Ransomware > Analysts,Apache ActiveMQ Exploit Leads to
dfir-2026-02-23-apache-activemq-exploit-leads-to-lockbit-ransomware,T1036,,20,0,0,,
dfir-2026-02-23-apache-activemq-exploit-leads-to-lockbit-ransomware,T1036.001,Invalid Code Signature,20,1,1,Apache ActiveMQ Exploit Leads to LockBit Ransomware > Execution,YARA hit with signature
dfir-2026-02-23-apache-activemq-exploit-leads-to-lockbit-ransomware,T1040,Network Sniffing,20,1,1,Apache ActiveMQ Exploit Leads to LockBit Ransomware > Case Summary,SMB traffic from the beachhead host
dfir-2026-02-23-apache-activemq-exploit-leads-to-lockbit-ransomware,T1056,,20,0,0,,
dfir-2026-02-23-apache-activemq-exploit-leads-to-lockbit-ransomware,T1056.004,Credential API Hooking,20,1,1,Apache ActiveMQ Exploit Leads to LockBit Ransomware > Detections > Yara,Windows_Trojan_Metasploit
dfir-2026-02-23-apache-activemq-exploit-leads-to-lockbit-ransomware,T1202,Indirect Command Execution,20,1,1,Apache ActiveMQ Exploit Leads to LockBit Ransomware > Initial Access,Windows utilities
dfir-2026-02-23-apache-activemq-exploit-leads-to-lockbit-ransomware,T1212,Exploitation for Credential Access,20,1,1,Apache ActiveMQ Exploit Leads to LockBit Ransomware > Case Summary,add the account
dfir-2026-02-23-apache-activemq-exploit-leads-to-lockbit-ransomware,T1482,Domain Trust Discovery,20,1,1,Apache ActiveMQ Exploit Leads to LockBit Ransomware > Discovery,domain administrator group
dfir-2026-02-23-apache-activemq-exploit-leads-to-lockbit-ransomware,T1557,,20,0,0,,
dfir-2026-02-23-apache-activemq-exploit-leads-to-lockbit-ransomware,T1557.001,Name Resolution Poisoning and SMB Relay,20,1,1,Apache ActiveMQ Exploit Leads to LockBit Ransomware > Discovery,SMB traffic
dfir-2026-02-23-apache-activemq-exploit-leads-to-lockbit-ransomware,T1584,,20,0,0,,
dfir-2026-02-23-apache-activemq-exploit-leads-to-lockbit-ransomware,T1584.002,DNS Server,20,1,1,Apache ActiveMQ Exploit Leads to LockBit Ransomware > Discovery,SoftPerfect Network Scanner
dfir-2026-06-29-from-bing-search-to-ransomware-bumblebee-and-adaptixc2-deliver-akira,T1003.003,NTDS,100,0,3,From Bing Search to Ransomware: Bumblebee and AdaptixC2 Deliver Akira > Case Summary | From Bing Search to Ransomware: Bumblebee and AdaptixC2 Deliver Akira > Credential Access | From Bing Search to Ransomware: Bumblebee and AdaptixC2 Deliver Akira > Discovery,extracting the Active Directory database <mark>(</mark> <mark>`ntds.dit`</mark>
dfir-2026-06-29-from-bing-search-to-ransomware-bumblebee-and-adaptixc2-deliver-akira,T1018,Remote System Discovery,100,0,1,From Bing Search to Ransomware: Bumblebee and AdaptixC2 Deliver Akira > Execution,Host/User Discovery
dfir-2026-06-29-from-bing-search-to-ransomware-bumblebee-and-adaptixc2-deliver-akira,T1021.001,Remote Desktop Protocol,100,1,15,From Bing Search to Ransomware: Bumblebee and AdaptixC2 Deliver Akira > Case Summary | From Bing Search to Ransomware: Bumblebee and AdaptixC2 Deliver Akira > Credential Access | From Bing Search to Ransomware: Bumblebee and AdaptixC2 Deliver Akira > Discovery | From Bing Search to Ransomware: Bumblebee and AdaptixC2 Deliver Akira > Exfiltration,used RDP
dfir-2026-06-29-from-bing-search-to-ransomware-bumblebee-and-adaptixc2-deliver-akira,T1021.003,Distributed Component Object Model,100,0,1,From Bing Search to Ransomware: Bumblebee and AdaptixC2 Deliver Akira > Credential Access > Remote LSASS Memory Dump,Executes via DCOM
dfir-2026-06-29-from-bing-search-to-ransomware-bumblebee-and-adaptixc2-deliver-akira,T1021.004,SSH,100,1,8,From Bing Search to Ransomware: Bumblebee and AdaptixC2 Deliver Akira > Command and Control | From Bing Search to Ransomware: Bumblebee and AdaptixC2 Deliver Akira > Diamond Model Indicators > Atomic | From Bing Search to Ransomware: Bumblebee and AdaptixC2 Deliver Akira > Exfiltration | From Bing Search to Ransomware: Bumblebee and AdaptixC2 Deliver Akira > Key Takeaways,ssh root@193.242.184[.]150
dfir-2026-06-29-from-bing-search-to-ransomware-bumblebee-and-adaptixc2-deliver-akira,T1027,,100,0,0,,
dfir-2026-06-29-from-bing-search-to-ransomware-bumblebee-and-adaptixc2-deliver-akira,T1027.010,Command Obfuscation,100,0,1,From Bing Search to Ransomware: Bumblebee and AdaptixC2 Deliver Akira > Defense Evasion,command-line obfuscation
dfir-2026-06-29-from-bing-search-to-ransomware-bumblebee-and-adaptixc2-deliver-akira,T1041,Exfiltration Over C2 Channel,100,0,1,From Bing Search to Ransomware: Bumblebee and AdaptixC2 Deliver Akira > Execution,outbound connection
dfir-2026-06-29-from-bing-search-to-ransomware-bumblebee-and-adaptixc2-deliver-akira,T1047,Windows Management Instrumentation,100,0,9,From Bing Search to Ransomware: Bumblebee and AdaptixC2 Deliver Akira > Credential Access > Remote LSASS Memory Dump | From Bing Search to Ransomware: Bumblebee and AdaptixC2 Deliver Akira > Defense Evasion | From Bing Search to Ransomware: Bumblebee and AdaptixC2 Deliver Akira > Detections > Sigma | From Bing Search to Ransomware: Bumblebee and AdaptixC2 Deliver Akira > Impact,using WMI
dfir-2026-06-29-from-bing-search-to-ransomware-bumblebee-and-adaptixc2-deliver-akira,T1048,Exfiltration Over Alternative Protocol,100,0,2,From Bing Search to Ransomware: Bumblebee and AdaptixC2 Deliver Akira > Exfiltration,SSH Exfiltration Sessions
dfir-2026-06-29-from-bing-search-to-ransomware-bumblebee-and-adaptixc2-deliver-akira,T1055,Process Injection,100,0,1,From Bing Search to Ransomware: Bumblebee and AdaptixC2 Deliver Akira > Defense Evasion,process injection
dfir-2026-06-29-from-bing-search-to-ransomware-bumblebee-and-adaptixc2-deliver-akira,T1055.001,Dynamic-link Library Injection,100,0,2,From Bing Search to Ransomware: Bumblebee and AdaptixC2 Deliver Akira > Defense Evasion,inject the Adaptix shellcode
dfir-2026-06-29-from-bing-search-to-ransomware-bumblebee-and-adaptixc2-deliver-akira,T1057,Process Discovery,100,1,2,From Bing Search to Ransomware: Bumblebee and AdaptixC2 Deliver Akira > Detections > Sigma | From Bing Search to Ransomware: Bumblebee and AdaptixC2 Deliver Akira > Discovery,0ef56343-059e-4cb6-adc1-4c3c967c5e46 : Suspicious Execution of Systeminfo
dfir-2026-06-29-from-bing-search-to-ransomware-bumblebee-and-adaptixc2-deliver-akira,T1059,,100,0,0,,
dfir-2026-06-29-from-bing-search-to-ransomware-bumblebee-and-adaptixc2-deliver-akira,T1059.001,PowerShell,100,1,4,From Bing Search to Ransomware: Bumblebee and AdaptixC2 Deliver Akira > Collection | From Bing Search to Ransomware: Bumblebee and AdaptixC2 Deliver Akira > Credential Access | From Bing Search to Ransomware: Bumblebee and AdaptixC2 Deliver Akira > Defense Evasion | From Bing Search to Ransomware: Bumblebee and AdaptixC2 Deliver Akira > Detections > Sigma,PowerShell Base64 Encoded FromBase64String
dfir-2026-06-29-from-bing-search-to-ransomware-bumblebee-and-adaptixc2-deliver-akira,T1078,Valid Accounts,100,0,3,From Bing Search to Ransomware: Bumblebee and AdaptixC2 Deliver Akira > Credential Access | From Bing Search to Ransomware: Bumblebee and AdaptixC2 Deliver Akira > Lateral Movement,high-privilege <mark>`backup_EA`</mark> account
dfir-2026-06-29-from-bing-search-to-ransomware-bumblebee-and-adaptixc2-deliver-akira,T1110,,100,0,0,,
dfir-2026-06-29-from-bing-search-to-ransomware-bumblebee-and-adaptixc2-deliver-akira,T1110.002,Password Cracking,100,0,1,From Bing Search to Ransomware: Bumblebee and AdaptixC2 Deliver Akira > Credential Access,created a volume shadow copy backup containing the <mark>`ntds.dit`</mark>
dfir-2026-06-29-from-bing-search-to-ransomware-bumblebee-and-adaptixc2-deliver-akira,T1136,,100,0,0,,
dfir-2026-06-29-from-bing-search-to-ransomware-bumblebee-and-adaptixc2-deliver-akira,T1136.002,Domain Account,100,0,1,From Bing Search to Ransomware: Bumblebee and AdaptixC2 Deliver Akira > Persistence,create domain accounts
dfir-2026-06-29-from-bing-search-to-ransomware-bumblebee-and-adaptixc2-deliver-akira,T1204,,100,0,0,,
dfir-2026-06-29-from-bing-search-to-ransomware-bumblebee-and-adaptixc2-deliver-akira,T1204.002,Malicious File,100,0,2,From Bing Search to Ransomware: Bumblebee and AdaptixC2 Deliver Akira > MITRE ATT&CK,malicious file
dfir-2026-06-29-from-bing-search-to-ransomware-bumblebee-and-adaptixc2-deliver-akira,T1218.007,Msiexec,100,0,2,From Bing Search to Ransomware: Bumblebee and AdaptixC2 Deliver Akira > Diamond Model Indicators > Computed | From Bing Search to Ransomware: Bumblebee and AdaptixC2 Deliver Akira > Execution,the malicious MSI
dfir-2026-06-29-from-bing-search-to-ransomware-bumblebee-and-adaptixc2-deliver-akira,T1219,Remote Access Tools,100,1,3,From Bing Search to Ransomware: Bumblebee and AdaptixC2 Deliver Akira > Collection | From Bing Search to Ransomware: Bumblebee and AdaptixC2 Deliver Akira > Command and Control,Users\Administrator\AppData\Local\mRemoteNG\
dfir-2026-06-29-from-bing-search-to-ransomware-bumblebee-and-adaptixc2-deliver-akira,T1486,Data Encrypted for Impact,100,1,2,From Bing Search to Ransomware: Bumblebee and AdaptixC2 Deliver Akira > Detections > YARA | From Bing Search to Ransomware: Bumblebee and AdaptixC2 Deliver Akira > Impact,initiated the Akira
dfir-2026-06-29-from-bing-search-to-ransomware-bumblebee-and-adaptixc2-deliver-akira,T1489,Service Stop,100,0,1,From Bing Search to Ransomware: Bumblebee and AdaptixC2 Deliver Akira > Impact > Swisscom,disable and terminate services
dfir-2026-06-29-from-bing-search-to-ransomware-bumblebee-and-adaptixc2-deliver-akira,T1518.002,Backup Software Discovery,100,0,1,From Bing Search to Ransomware: Bumblebee and AdaptixC2 Deliver Akira > Detections > Sigma,183e7ea8-ac4b-4c23-9aec-b3dac4e401ac : Net.EXE Execution
dfir-2026-06-29-from-bing-search-to-ransomware-bumblebee-and-adaptixc2-deliver-akira,T1543,,100,0,0,,
dfir-2026-06-29-from-bing-search-to-ransomware-bumblebee-and-adaptixc2-deliver-akira,T1543.003,Windows Service,100,0,2,From Bing Search to Ransomware: Bumblebee and AdaptixC2 Deliver Akira > MITRE ATT&CK,Windows services
dfir-2026-06-29-from-bing-search-to-ransomware-bumblebee-and-adaptixc2-deliver-akira,T1555,,100,0,0,,
dfir-2026-06-29-from-bing-search-to-ransomware-bumblebee-and-adaptixc2-deliver-akira,T1555.003,Credentials from Web Browsers,100,0,2,From Bing Search to Ransomware: Bumblebee and AdaptixC2 Deliver Akira > Collection | From Bing Search to Ransomware: Bumblebee and AdaptixC2 Deliver Akira > Credential Access,Users\Administrator\AppData\Local\Google\Chrome\User Data\
dfir-2026-06-29-from-bing-search-to-ransomware-bumblebee-and-adaptixc2-deliver-akira,T1555.004,Windows Credential Manager,100,0,1,From Bing Search to Ransomware: Bumblebee and AdaptixC2 Deliver Akira > Collection,Users\Administrator\AppData\Local\Microsoft\Credentials\
dfir-2026-06-29-from-bing-search-to-ransomware-bumblebee-and-adaptixc2-deliver-akira,T1555.005,Password Managers,100,0,1,From Bing Search to Ransomware: Bumblebee and AdaptixC2 Deliver Akira > Collection,Users\Administrator\AppData\Local\1Password\
dfir-2026-06-29-from-bing-search-to-ransomware-bumblebee-and-adaptixc2-deliver-akira,T1563,,100,0,0,,
dfir-2026-06-29-from-bing-search-to-ransomware-bumblebee-and-adaptixc2-deliver-akira,T1563.002,RDP Hijacking,100,0,1,From Bing Search to Ransomware: Bumblebee and AdaptixC2 Deliver Akira > Discovery,established an RDP
dfir-2026-06-29-from-bing-search-to-ransomware-bumblebee-and-adaptixc2-deliver-akira,T1574.001,DLL,100,0,6,From Bing Search to Ransomware: Bumblebee and AdaptixC2 Deliver Akira > Credential Access > Remote LSASS Memory Dump | From Bing Search to Ransomware: Bumblebee and AdaptixC2 Deliver Akira > Defense Evasion | From Bing Search to Ransomware: Bumblebee and AdaptixC2 Deliver Akira > Diamond Model Indicators > Computed | From Bing Search to Ransomware: Bumblebee and AdaptixC2 Deliver Akira > Execution,DLL
dfir-2026-06-29-from-bing-search-to-ransomware-bumblebee-and-adaptixc2-deliver-akira,T1574.008,Path Interception by Search Order Hijacking,100,0,1,From Bing Search to Ransomware: Bumblebee and AdaptixC2 Deliver Akira > Defense Evasion,hijack the search
dfir-2026-06-29-from-bing-search-to-ransomware-bumblebee-and-adaptixc2-deliver-akira,T1583,,100,0,0,,
dfir-2026-06-29-from-bing-search-to-ransomware-bumblebee-and-adaptixc2-deliver-akira,T1583.008,Malvertising,100,0,2,From Bing Search to Ransomware: Bumblebee and AdaptixC2 Deliver Akira > Initial Access,malvertising domains
dfir-2026-06-29-from-bing-search-to-ransomware-bumblebee-and-adaptixc2-deliver-akira,T1593,Search Open Websites/Domains,100,0,1,From Bing Search to Ransomware: Bumblebee and AdaptixC2 Deliver Akira > MITRE ATT&CK,Bing Search
dfir-2026-06-29-from-bing-search-to-ransomware-bumblebee-and-adaptixc2-deliver-akira,T1608,,100,0,0,,
dfir-2026-06-29-from-bing-search-to-ransomware-bumblebee-and-adaptixc2-deliver-akira,T1608.001,Upload Malware,100,1,5,From Bing Search to Ransomware: Bumblebee and AdaptixC2 Deliver Akira > Detections > YARA | From Bing Search to Ransomware: Bumblebee and AdaptixC2 Deliver Akira > Execution | From Bing Search to Ransomware: Bumblebee and AdaptixC2 Deliver Akira > Initial Access | From Bing Search to Ransomware: Bumblebee and AdaptixC2 Deliver Akira > Key Takeaways,trojanized installer
dfir-2026-06-29-from-bing-search-to-ransomware-bumblebee-and-adaptixc2-deliver-akira,T1608.006,SEO Poisoning,100,0,3,From Bing Search to Ransomware: Bumblebee and AdaptixC2 Deliver Akira > Initial Access | From Bing Search to Ransomware: Bumblebee and AdaptixC2 Deliver Akira > Key Takeaways,SEO poisoning
dfir-2026-06-29-from-bing-search-to-ransomware-bumblebee-and-adaptixc2-deliver-akira,T1649,Steal or Forge Authentication Certificates,100,0,1,From Bing Search to Ransomware: Bumblebee and AdaptixC2 Deliver Akira > Collection,Users\Administrator\AppData\Roaming\Microsoft\SystemCertificates\My\Certificates\
dfir-2026-06-29-from-bing-search-to-ransomware-bumblebee-and-adaptixc2-deliver-akira,T1021,,92,0,0,,
dfir-2026-06-29-from-bing-search-to-ransomware-bumblebee-and-adaptixc2-deliver-akira,T1003.001,LSASS Memory,90,0,3,From Bing Search to Ransomware: Bumblebee and AdaptixC2 Deliver Akira > Case Summary | From Bing Search to Ransomware: Bumblebee and AdaptixC2 Deliver Akira > Credential Access > Remote LSASS Memory Dump,This behavior is a high-confidence match for the lsassy
dfir-2026-06-29-from-bing-search-to-ransomware-bumblebee-and-adaptixc2-deliver-akira,T1071,,90,0,0,,
dfir-2026-06-29-from-bing-search-to-ransomware-bumblebee-and-adaptixc2-deliver-akira,T1071.002,File Transfer Protocols,90,0,2,From Bing Search to Ransomware: Bumblebee and AdaptixC2 Deliver Akira > Exfiltration,File Transfer Protocols
dfir-2026-06-29-from-bing-search-to-ransomware-bumblebee-and-adaptixc2-deliver-akira,T1071.004,DNS,90,0,2,From Bing Search to Ransomware: Bumblebee and AdaptixC2 Deliver Akira > Detections > Sigma | From Bing Search to Ransomware: Bumblebee and AdaptixC2 Deliver Akira > Discovery,query and export DNS zone data
dfir-2026-06-29-from-bing-search-to-ransomware-bumblebee-and-adaptixc2-deliver-akira,T1119,Automated Collection,90,0,1,From Bing Search to Ransomware: Bumblebee and AdaptixC2 Deliver Akira > Collection,automated scanning
dfir-2026-06-29-from-bing-search-to-ransomware-bumblebee-and-adaptixc2-deliver-akira,T1518,,90,0,0,,
dfir-2026-06-29-from-bing-search-to-ransomware-bumblebee-and-adaptixc2-deliver-akira,T1568,,90,0,0,,
dfir-2026-06-29-from-bing-search-to-ransomware-bumblebee-and-adaptixc2-deliver-akira,T1568.002,Domain Generation Algorithms,90,0,1,From Bing Search to Ransomware: Bumblebee and AdaptixC2 Deliver Akira > Command and Control,DGA-generated domains
dfir-2026-06-29-from-bing-search-to-ransomware-bumblebee-and-adaptixc2-deliver-akira,T1572,Protocol Tunneling,90,0,3,From Bing Search to Ransomware: Bumblebee and AdaptixC2 Deliver Akira > Case Summary | From Bing Search to Ransomware: Bumblebee and AdaptixC2 Deliver Akira > Lateral Movement | From Bing Search to Ransomware: Bumblebee and AdaptixC2 Deliver Akira > Persistence > Swisscom,reverse SSH tunnel
dfir-2026-06-29-from-bing-search-to-ransomware-bumblebee-and-adaptixc2-deliver-akira,T1574.011,Services Registry Permissions Weakness,90,0,1,From Bing Search to Ransomware: Bumblebee and AdaptixC2 Deliver Akira > Defense Evasion > Swisscom,registered them as new system services
dfir-2026-06-29-from-bing-search-to-ransomware-bumblebee-and-adaptixc2-deliver-akira,T1020,Automated Exfiltration,80,0,2,From Bing Search to Ransomware: Bumblebee and AdaptixC2 Deliver Akira > Case Summary | From Bing Search to Ransomware: Bumblebee and AdaptixC2 Deliver Akira > Exfiltration,FileZilla was the primary method
dfir-2026-06-29-from-bing-search-to-ransomware-bumblebee-and-adaptixc2-deliver-akira,T1049,System Network Connections Discovery,80,1,2,From Bing Search to Ransomware: Bumblebee and AdaptixC2 Deliver Akira > Discovery,enumerate network connections
dfir-2026-06-29-from-bing-search-to-ransomware-bumblebee-and-adaptixc2-deliver-akira,T1078.001,Default Accounts,80,1,3,From Bing Search to Ransomware: Bumblebee and AdaptixC2 Deliver Akira > Case Summary | From Bing Search to Ransomware: Bumblebee and AdaptixC2 Deliver Akira > Command and Control | From Bing Search to Ransomware: Bumblebee and AdaptixC2 Deliver Akira > Discovery,dump and decrypt Veeam
dfir-2026-06-29-from-bing-search-to-ransomware-bumblebee-and-adaptixc2-deliver-akira,T1087.002,Domain Account,80,1,3,From Bing Search to Ransomware: Bumblebee and AdaptixC2 Deliver Akira > Discovery | From Bing Search to Ransomware: Bumblebee and AdaptixC2 Deliver Akira > MITRE ATT&CK,enumerate domain accounts
dfir-2026-06-29-from-bing-search-to-ransomware-bumblebee-and-adaptixc2-deliver-akira,T1135,Network Share Discovery,80,0,1,From Bing Search to Ransomware: Bumblebee and AdaptixC2 Deliver Akira > Discovery,enumerate accessible SMB
dfir-2026-06-29-from-bing-search-to-ransomware-bumblebee-and-adaptixc2-deliver-akira,T1518.001,Security Software Discovery,80,0,1,From Bing Search to Ransomware: Bumblebee and AdaptixC2 Deliver Akira > Discovery,Get-ADUser
dfir-2026-06-29-from-bing-search-to-ransomware-bumblebee-and-adaptixc2-deliver-akira,T1553,,80,0,0,,
dfir-2026-06-29-from-bing-search-to-ransomware-bumblebee-and-adaptixc2-deliver-akira,T1553.002,Code Signing,80,0,1,From Bing Search to Ransomware: Bumblebee and AdaptixC2 Deliver Akira > Execution,revoked codesigning
dfir-2026-06-29-from-bing-search-to-ransomware-bumblebee-and-adaptixc2-deliver-akira,T1590,,80,0,0,,
dfir-2026-06-29-from-bing-search-to-ransomware-bumblebee-and-adaptixc2-deliver-akira,T1590.002,DNS,80,0,1,From Bing Search to Ransomware: Bumblebee and AdaptixC2 Deliver Akira > Discovery,query and export DNS zone data
dfir-2026-06-29-from-bing-search-to-ransomware-bumblebee-and-adaptixc2-deliver-akira,T1595,,80,0,0,,
dfir-2026-06-29-from-bing-search-to-ransomware-bumblebee-and-adaptixc2-deliver-akira,T1595.002,Vulnerability Scanning,80,0,1,From Bing Search to Ransomware: Bumblebee and AdaptixC2 Deliver Akira > Discovery,SoftPerfect Network Scanner
dfir-2026-06-29-from-bing-search-to-ransomware-bumblebee-and-adaptixc2-deliver-akira,T1574,,74,0,0,,
dfir-2026-06-29-from-bing-search-to-ransomware-bumblebee-and-adaptixc2-deliver-akira,T1003,,70,0,0,,
dfir-2026-06-29-from-bing-search-to-ransomware-bumblebee-and-adaptixc2-deliver-akira,T1021.002,SMB/Windows Admin Shares,70,0,1,From Bing Search to Ransomware: Bumblebee and AdaptixC2 Deliver Akira > Credential Access > Remote LSASS Memory Dump,Facilitates SMB service creation.
dfir-2026-06-29-from-bing-search-to-ransomware-bumblebee-and-adaptixc2-deliver-akira,T1039,Data from Network Shared Drive,70,1,3,From Bing Search to Ransomware: Bumblebee and AdaptixC2 Deliver Akira > Collection | From Bing Search to Ransomware: Bumblebee and AdaptixC2 Deliver Akira > Exfiltration,files/folders
dfir-2026-06-29-from-bing-search-to-ransomware-bumblebee-and-adaptixc2-deliver-akira,T1210,Exploitation of Remote Services,60,0,2,From Bing Search to Ransomware: Bumblebee and AdaptixC2 Deliver Akira > Credential Access > Remote LSASS Memory Dump | From Bing Search to Ransomware: Bumblebee and AdaptixC2 Deliver Akira > Detections > Network,remote execution methods
dfir-2026-06-29-from-bing-search-to-ransomware-bumblebee-and-adaptixc2-deliver-akira,T1218,,60,0,0,,
dfir-2026-06-29-from-bing-search-to-ransomware-bumblebee-and-adaptixc2-deliver-akira,T1574.005,Executable Installer File Permissions Weakness,60,0,1,From Bing Search to Ransomware: Bumblebee and AdaptixC2 Deliver Akira > Exfiltration,explorer.exe as the responsible process
dfir-2026-06-29-from-bing-search-to-ransomware-bumblebee-and-adaptixc2-deliver-akira,T1087,,50,0,0,,
dfir-2026-06-29-from-bing-search-to-ransomware-bumblebee-and-adaptixc2-deliver-akira,T1557,,50,0,0,,
dfir-2026-06-29-from-bing-search-to-ransomware-bumblebee-and-adaptixc2-deliver-akira,T1557.001,Name Resolution Poisoning and SMB Relay,50,1,3,From Bing Search to Ransomware: Bumblebee and AdaptixC2 Deliver Akira > Diamond Model Indicators > Atomic | From Bing Search to Ransomware: Bumblebee and AdaptixC2 Deliver Akira > Discovery | From Bing Search to Ransomware: Bumblebee and AdaptixC2 Deliver Akira > Initial Access,Reverse SSH Tunnel
dfir-2026-06-29-from-bing-search-to-ransomware-bumblebee-and-adaptixc2-deliver-akira,T1003.002,Security Account Manager,20,1,1,From Bing Search to Ransomware: Bumblebee and AdaptixC2 Deliver Akira > Credential Access,extracted the credentials stored in the Veeam PostgreSQL database present in the backup server
dfir-2026-06-29-from-bing-search-to-ransomware-bumblebee-and-adaptixc2-deliver-akira,T1033,System Owner/User Discovery,20,1,2,From Bing Search to Ransomware: Bumblebee and AdaptixC2 Deliver Akira > MITRE ATT&CK,account usernames
dfir-2026-06-29-from-bing-search-to-ransomware-bumblebee-and-adaptixc2-deliver-akira,T1036,,20,0,0,,
dfir-2026-06-29-from-bing-search-to-ransomware-bumblebee-and-adaptixc2-deliver-akira,T1036.010,Masquerade Account Name,20,1,1,From Bing Search to Ransomware: Bumblebee and AdaptixC2 Deliver Akira > Execution,masquerading tactics
dfir-2026-06-29-from-bing-search-to-ransomware-bumblebee-and-adaptixc2-deliver-akira,T1078.002,Domain Accounts,20,1,1,From Bing Search to Ransomware: Bumblebee and AdaptixC2 Deliver Akira > Privilege Escalation,domain admin
dfir-2026-06-29-from-bing-search-to-ransomware-bumblebee-and-adaptixc2-deliver-akira,T1087.001,Local Account,20,1,2,From Bing Search to Ransomware: Bumblebee and AdaptixC2 Deliver Akira > MITRE ATT&CK,local system accounts
dfir-2026-06-29-from-bing-search-to-ransomware-bumblebee-and-adaptixc2-deliver-akira,T1098,Account Manipulation,20,1,1,From Bing Search to Ransomware: Bumblebee and AdaptixC2 Deliver Akira > Persistence,manipulate accounts
dfir-2026-06-29-from-bing-search-to-ransomware-bumblebee-and-adaptixc2-deliver-akira,T1098.001,Additional Cloud Credentials,20,1,1,From Bing Search to Ransomware: Bumblebee and AdaptixC2 Deliver Akira > Collection,Users\Administrator\.aws\ (AWS credentials)
dfir-2026-06-29-from-bing-search-to-ransomware-bumblebee-and-adaptixc2-deliver-akira,T1134,,20,0,0,,
dfir-2026-06-29-from-bing-search-to-ransomware-bumblebee-and-adaptixc2-deliver-akira,T1134.004,Parent PID Spoofing,20,1,1,From Bing Search to Ransomware: Bumblebee and AdaptixC2 Deliver Akira > Detections > Sigma,cd219ff3-fa99-45d4-8380-a7d15116c6dc : New User Created Via Net.EXE
dfir-2026-06-29-from-bing-search-to-ransomware-bumblebee-and-adaptixc2-deliver-akira,T1187,Forced Authentication,20,1,1,From Bing Search to Ransomware: Bumblebee and AdaptixC2 Deliver Akira > Discovery,Invoke-ShareFinder
dfir-2026-06-29-from-bing-search-to-ransomware-bumblebee-and-adaptixc2-deliver-akira,T1216,,20,0,0,,
dfir-2026-06-29-from-bing-search-to-ransomware-bumblebee-and-adaptixc2-deliver-akira,T1216.001,PubPrn,20,1,1,From Bing Search to Ransomware: Bumblebee and AdaptixC2 Deliver Akira > Discovery,run the same SPN enumeration script
dfir-2026-06-29-from-bing-search-to-ransomware-bumblebee-and-adaptixc2-deliver-akira,T1218.008,Odbcconf,20,1,1,From Bing Search to Ransomware: Bumblebee and AdaptixC2 Deliver Akira > Detections > Sigma,d95de845-b83c-4a9a-8a6a-4fc802ebf6c0 : Suspicious Group And Account Reconnaissance Activity
dfir-2026-06-29-from-bing-search-to-ransomware-bumblebee-and-adaptixc2-deliver-akira,T1482,Domain Trust Discovery,20,1,1,From Bing Search to Ransomware: Bumblebee and AdaptixC2 Deliver Akira > Discovery,enumerate domain computers
dfir-2026-06-29-from-bing-search-to-ransomware-bumblebee-and-adaptixc2-deliver-akira,T1546,,20,0,0,,
dfir-2026-06-29-from-bing-search-to-ransomware-bumblebee-and-adaptixc2-deliver-akira,T1546.013,PowerShell Profile,20,1,1,From Bing Search to Ransomware: Bumblebee and AdaptixC2 Deliver Akira > Persistence > Swisscom,PowerShell script
dfir-2026-06-29-from-bing-search-to-ransomware-bumblebee-and-adaptixc2-deliver-akira,T1548,,20,0,0,,
dfir-2026-06-29-from-bing-search-to-ransomware-bumblebee-and-adaptixc2-deliver-akira,T1548.002,Bypass User Account Control,20,1,1,From Bing Search to Ransomware: Bumblebee and AdaptixC2 Deliver Akira > Execution,User Account Control
dfir-2026-06-29-from-bing-search-to-ransomware-bumblebee-and-adaptixc2-deliver-akira,T1574.007,Path Interception by PATH Environment Variable,20,1,1,From Bing Search to Ransomware: Bumblebee and AdaptixC2 Deliver Akira > Execution,AppData folder
dfir-2026-06-29-from-bing-search-to-ransomware-bumblebee-and-adaptixc2-deliver-akira,T1596,Search Open Technical Databases,20,1,2,From Bing Search to Ransomware: Bumblebee and AdaptixC2 Deliver Akira > Analysts | From Bing Search to Ransomware: Bumblebee and AdaptixC2 Deliver Akira > Detections > Sigma,Bing Search
dfir-2026-06-29-from-bing-search-to-ransomware-bumblebee-and-adaptixc2-deliver-akira,T1682,Query Public AI Services,20,1,1,From Bing Search to Ransomware: Bumblebee and AdaptixC2 Deliver Akira > The DFIR Report Offerings,Bing Search
dfir-2026-08-24-bengalseo-part-1-anatomy-of-the-operation,T1036.012,Browser Fingerprint,100,0,4,BengalSEO Part 1: Anatomy of the Operation > Traffic Distribution System,fingerprints the browser
dfir-2026-08-24-bengalseo-part-1-anatomy-of-the-operation,T1059,,100,0,0,,
dfir-2026-08-24-bengalseo-part-1-anatomy-of-the-operation,T1059.007,JavaScript,100,1,6,BengalSEO Part 1: Anatomy of the Operation > Payload Delivery | BengalSEO Part 1: Anatomy of the Operation > SEO Capabilities Analysis > DOM Injection,JavaScript dropper
dfir-2026-08-24-bengalseo-part-1-anatomy-of-the-operation,T1204,User Execution,100,0,1,BengalSEO Part 1: Anatomy of the Operation > Payload Delivery,click the download button
dfir-2026-08-24-bengalseo-part-1-anatomy-of-the-operation,T1593.003,Code Repositories,100,0,1,BengalSEO Part 1: Anatomy of the Operation > Github Infrastructure,Table of GitHub accounts
dfir-2026-08-24-bengalseo-part-1-anatomy-of-the-operation,T1608.006,SEO Poisoning,100,1,7,BengalSEO Part 1: Anatomy of the Operation > Case Summary | BengalSEO Part 1: Anatomy of the Operation > Key Takeaways | BengalSEO Part 1: Anatomy of the Operation > Lure Pages | BengalSEO Part 1: Anatomy of the Operation > SEO Capabilities Analysis,SEO Poisoning
dfir-2026-08-24-bengalseo-part-1-anatomy-of-the-operation,T1596,,95,0,0,,
dfir-2026-08-24-bengalseo-part-1-anatomy-of-the-operation,T1596.002,WHOIS,95,0,1,BengalSEO Part 1: Anatomy of the Operation > Domain & Certificate Registration,reverse WHOIS lookups
dfir-2026-08-24-bengalseo-part-1-anatomy-of-the-operation,T1036,,90,0,0,,
dfir-2026-08-24-bengalseo-part-1-anatomy-of-the-operation,T1071,,90,0,0,,
dfir-2026-08-24-bengalseo-part-1-anatomy-of-the-operation,T1071.001,Web Protocols,90,1,3,BengalSEO Part 1: Anatomy of the Operation > Traffic Distribution System,HTTP POST request
dfir-2026-08-24-bengalseo-part-1-anatomy-of-the-operation,T1584.001,Domains,90,1,3,BengalSEO Part 1: Anatomy of the Operation > Domain & Certificate Registration,hundreds of domains
dfir-2026-08-24-bengalseo-part-1-anatomy-of-the-operation,T1593.002,Search Engines,90,0,1,BengalSEO Part 1: Anatomy of the Operation > SEO Capabilities Analysis,Ahrefs service
dfir-2026-08-24-bengalseo-part-1-anatomy-of-the-operation,T1608.005,Link Target,90,1,3,BengalSEO Part 1: Anatomy of the Operation > Payload Delivery | BengalSEO Part 1: Anatomy of the Operation > Traffic Distribution System,base62 encoding
dfir-2026-08-24-bengalseo-part-1-anatomy-of-the-operation,T1036.008,Masquerade File Type,80,0,1,BengalSEO Part 1: Anatomy of the Operation > Payload Delivery,posing as EXE
dfir-2026-08-24-bengalseo-part-1-anatomy-of-the-operation,T1090,Proxy,80,0,1,BengalSEO Part 1: Anatomy of the Operation > Traffic Distribution System,rotating network
dfir-2026-08-24-bengalseo-part-1-anatomy-of-the-operation,T1583.001,Domains,80,1,6,BengalSEO Part 1: Anatomy of the Operation > Domain & Certificate Registration | BengalSEO Part 1: Anatomy of the Operation > Github Infrastructure | BengalSEO Part 1: Anatomy of the Operation > Timeline and Trend Analysis,<mark>`wc.ci`</mark> is another domain registered by BengalSEO
dfir-2026-08-24-bengalseo-part-1-anatomy-of-the-operation,T1587,,80,0,0,,
dfir-2026-08-24-bengalseo-part-1-anatomy-of-the-operation,T1587.001,Malware,80,0,1,BengalSEO Part 1: Anatomy of the Operation > Key Takeaways,custom malware strain
dfir-2026-08-24-bengalseo-part-1-anatomy-of-the-operation,T1593,Search Open Websites/Domains,80,0,1,BengalSEO Part 1: Anatomy of the Operation > Infrastructure and Web Components,search engine results
dfir-2026-08-24-bengalseo-part-1-anatomy-of-the-operation,T1598,,80,0,0,,
dfir-2026-08-24-bengalseo-part-1-anatomy-of-the-operation,T1598.003,Spearphishing Link,80,0,1,BengalSEO Part 1: Anatomy of the Operation > SEO Capabilities Analysis,spamming hyperlinks
dfir-2026-08-24-bengalseo-part-1-anatomy-of-the-operation,T1584,,75,0,0,,
dfir-2026-08-24-bengalseo-part-1-anatomy-of-the-operation,T1608,,70,0,0,,
dfir-2026-08-24-bengalseo-part-1-anatomy-of-the-operation,T1568,,60,0,0,,
dfir-2026-08-24-bengalseo-part-1-anatomy-of-the-operation,T1568.002,Domain Generation Algorithms,60,1,2,BengalSEO Part 1: Anatomy of the Operation > Timeline and Trend Analysis,ustechnio series
dfir-2026-08-24-bengalseo-part-1-anatomy-of-the-operation,T1584.002,DNS Server,60,0,1,BengalSEO Part 1: Anatomy of the Operation > Domain & Certificate Registration,shifted to a hostmaza
dfir-2026-08-24-bengalseo-part-1-anatomy-of-the-operation,T1583,,50,0,0,,
dfir-2026-08-24-bengalseo-part-1-anatomy-of-the-operation,T1678,Delay Execution,50,0,1,BengalSEO Part 1: Anatomy of the Operation > SEO Capabilities Analysis > DOM Injection,"setTimeout(() => location.reload(), 1000);"
dfir-2026-08-24-bengalseo-part-1-anatomy-of-the-operation,T1189,Drive-by Compromise,20,1,1,BengalSEO Part 1: Anatomy of the Operation > Traffic Distribution System,malicious service
dfir-2026-08-24-bengalseo-part-1-anatomy-of-the-operation,T1195,Supply Chain Compromise,20,1,1,BengalSEO Part 1: Anatomy of the Operation > Delivery Chain,delivery chain
dfir-2026-08-24-bengalseo-part-1-anatomy-of-the-operation,T1583.008,Malvertising,20,1,2,BengalSEO Part 1: Anatomy of the Operation > Case Summary | BengalSEO Part 1: Anatomy of the Operation > SEO Capabilities Analysis > DOM Injection,SEO poisoning
dfir-2026-08-24-bengalseo-part-1-anatomy-of-the-operation,T1588,,20,0,0,,
dfir-2026-08-24-bengalseo-part-1-anatomy-of-the-operation,T1588.004,Digital Certificates,20,1,1,BengalSEO Part 1: Anatomy of the Operation > Timeline and Trend Analysis,SSL/TLS certificate
dfir-2026-08-24-bengalseo-part-1-anatomy-of-the-operation,T1590,,20,0,0,,
dfir-2026-08-24-bengalseo-part-1-anatomy-of-the-operation,T1590.001,Domain Properties,20,1,1,BengalSEO Part 1: Anatomy of the Operation > Domain & Certificate Registration,campaign patterns
dfir-2026-08-24-bengalseo-part-1-anatomy-of-the-operation,T1591,Gather Victim Org Information,20,1,1,BengalSEO Part 1: Anatomy of the Operation > Case Summary,gathering information
dfir-2026-08-24-bengalseo-part-1-anatomy-of-the-operation,T1608.004,Drive-by Target,20,1,1,BengalSEO Part 1: Anatomy of the Operation > Traffic Distribution System,malicious landing page
